Number,Status,Phone,Location,Location2,Name,Categorie,Row,Col
1,영업/정상,070-8254-3630,"충청남도 천안시 동남구 안서동 384번지 외 1필지, 2층 202호 ","충청남도 천안시 동남구 문암로 74-4, 성지빌딩 2층 202호 (안서동)",카페이레,커피숍,,
2,영업/정상,0507-1402-3004,충청남도 천안시 동남구 용곡동 600번지 상가동 1층 ,"충청남도 천안시 동남구 일봉로 110, 상가동 1층 (용곡동)",단&비,커피숍,,
3,영업/정상,041-582-6439,충청남도 천안시 서북구 성환읍 매주리 332-85번지 1층 ,"충청남도 천안시 서북구 성환읍 매주4길 30, 1층",본태커피하우스,커피숍,,
4,영업/정상,041-570-8200,충청남도 천안시 동남구 신방동 784-1번지 천안산업기자재유통단지 1001호,"충청남도 천안시 동남구 신촌로 24, 1층 1001호 (신방동, 천안산업기자재유통단지)",점핑고,키즈카페,,
5,영업/정상,0507-1430-0989,충청남도 천안시 서북구 성정동 1158번지 ,"충청남도 천안시 서북구 성정중3길 22, 1층 (성정동)",스윗플로라,커피숍,,
6,영업/정상,041-584-2900,"충청남도 천안시 동남구 삼룡동 445번지 1,2층 ","충청남도 천안시 동남구 청수12로 48, 1,2층 (삼룡동)",탐앤탐스천안삼거리점,커피숍,,
7,영업/정상,041-575-0410,충청남도 천안시 서북구 쌍용동 198-3 ,"충청남도 천안시 서북구 충무로 196, 1층 (쌍용동)",빽다방천안쌍용이마트점,커피숍,,
8,영업/정상,041-571-3801,충청남도 천안시 동남구 신방동 970번지 1층 ,"충청남도 천안시 동남구 통정2길 6-29, 1층 (신방동)",커피그래비티,커피숍,,
9,영업/정상,041-555-8953,충청남도 천안시 서북구 불당동 1292 ,"충청남도 천안시 서북구 공원로 195, Mall A동 1층 (불당동, 펜타포트)",카페하인츠,커피숍,,
10,영업/정상,041-572-0468,충청남도 천안시 동남구 봉명동 222-5번지 ,"충청남도 천안시 동남구 순천향6길 38, 1층 (봉명동)",이디야커피전문점,커피숍,,
11,영업/정상,041-554-8480,충청남도 천안시 서북구 불당동 1545번지 천안불당린스트라우스1단지 상가동 115호,"충청남도 천안시 서북구 불당19로 95, 상가동동 지하2층 115호 (불당동, 천안불당린스트라우스1단지)",토프레소신불당점,커피숍,,
12,영업/정상,041-556-6066,충청남도 천안시 동남구 신부동 220-8번지 1층 ,"충청남도 천안시 동남구 단대로 119-4, 1층 (신부동)",요거프레소천안단국대점,커피숍,,
13,영업/정상,0507-1321-8867,충청남도 천안시 서북구 불당동 1614번지 천안불당지웰시티푸르지오2단지 ,"충청남도 천안시 서북구 불당26로 50, 근린생활시설4동 1층 E103호 (불당동, 천안불당지웰시티푸르지오2단지)",빽다방천안불당지웰점,커피숍,,
14,영업/정상,041-585-2992,충청남도 천안시 서북구 성환읍 매주리 21 외150필지 14동지식정보관(산학협력관)4층 ,충청남도 천안시 서북구 성환읍 성산샘길 45 (외150필지 14동지식정보관(산학협력관)4층),크레센도,커피숍,,
15,영업/정상,0507-1410-6978,충청남도 천안시 동남구 목천읍 교천리 130-1번지 1동 1층 ,"충청남도 천안시 동남구 목천읍 교천지산길 104, 1동 1층",라온,커피숍,,
16,영업/정상,041-572-1012,충청남도 천안시 서북구 성정동 1012번지 ,"충청남도 천안시 서북구 쌍용대로 233, 1~2층 (성정동)",투썸플레이스천안성정제일점,커피숍,,
17,영업/정상,041-581-0033,충청남도 천안시 서북구 성환읍 성환리 449-312번지 1동 ,"충청남도 천안시 서북구 성환읍 성환1로 235-1, 1동",소사,전통찻집,,
18,영업/정상,0507-1405-0614,충청남도 천안시 서북구 성환읍 성환리 376-5번지 ,"충청남도 천안시 서북구 성환읍 성환3로 43-14, 1~2층",앤트커피,커피숍,,
19,영업/정상,041-579-0905,충청남도 천안시 동남구 용곡동 609번지 ,"충청남도 천안시 동남구 용곡5길 34, 1층 106호 (용곡동, 용곡동일하이빌 하이씨티 4 근린생활시설)",아마렐로,커피숍,,
20,영업/정상,041-566-4584,충청남도 천안시 동남구 북면 연춘리 187-3 1층 ,"충청남도 천안시 동남구 북면 충절로 1295, 1층",커피본연춘점,커피숍,,
21,영업/정상,없어,충청남도 천안시 서북구 백석동 963번지 ,"충청남도 천안시 서북구 한들3로 78-17, 1층 (백석동)",한들오븐,커피숍,,
22,영업/정상,041-566-5148,충청남도 천안시 서북구 두정동 1499번지 ,"충청남도 천안시 서북구 두정로 238, 1,2층 (두정동)",할리스커피천안두정역점,커피숍,,
23,영업/정상,041-567-2016,충청남도 천안시 서북구 두정동 626번지 ,"충청남도 천안시 서북구 동서대로 47, 1층 (두정동)",카페드도쿄백석점,커피숍,,
24,영업/정상,041-554-0280,충청남도 천안시 동남구 목천읍 서리 36-4번지 1층 ,"충청남도 천안시 동남구 목천읍 삼방로 199, 1층",더드림,커피숍,,
25,영업/정상,041-555-7044,충청남도 천안시 동남구 신부동 462-14 1층 ,"충청남도 천안시 동남구 먹거리11길 37, 1층 (신부동)",(주)스토어하우스아마스빈신부점,커피숍,,
26,영업/정상,041-552-3242,"충청남도 천안시 동남구 신부동 495-1번지 외 2필지 1,2층 ","충청남도 천안시 동남구 신부15길 3, 1,2층 (신부동)",스타벅스천안아이씨디티점,커피숍,,
27,영업/정상,0507-1438-9488,충청남도 천안시 동남구 대흥동 71 1층 ,"충청남도 천안시 동남구 버들로 12, 1층 (대흥동)",구움,커피숍,,
28,영업/정상,041 555 2964,충청남도 천안시 동남구 안서동 115번지 ,"충청남도 천안시 동남구 문암로 76, 19(백석생활관)동 2층 (안서동)",이디야커피백석대북카페점,커피숍,,
29,영업/정상, 041 5811111,충청남도 천안시 동남구 안서동 492-1번지 ,"충청남도 천안시 동남구 천호지길 7, 2동 1층 (안서동)",주식회사카페고메,커피숍,,
30,영업/정상,010-9281-3691,충청남도 천안시 서북구 불당동 1124번지 ,"충청남도 천안시 서북구 불당5길 23, 1층 (불당동)",카페콤마,커피숍,,
31,영업/정상,041 5541687,충청남도 천안시 동남구 북면 연춘리 119-2 1층 ,"충청남도 천안시 동남구 북면 충절로 1294, 1층",사나래플라워앤카페,커피숍,,
32,영업/정상,0507-1416-7009,충청남도 천안시 서북구 불당동 1532번지 ,"충청남도 천안시 서북구 불당25로 178, 5층 505,506호 (불당동)",더카페쿠키천안점,커피숍,,
33,영업/정상,041-529-5170,충청남도 천안시 서북구 성정동 354번지 ,"충청남도 천안시 서북구 축구센터로 150, 1층 (성정동, 본관동)",축구센터커피숍,커피숍,,
34,영업/정상,041 566 8596,충청남도 천안시 동남구 신부동 456-15번지 3층 ,"충청남도 천안시 동남구 먹거리10길 12, 3층 (신부동)",투썸플레이스천안신부점,커피숍,,
35,영업/정상,041 566 8596,충청남도 천안시 동남구 신부동 456-15번지 2층 ,"충청남도 천안시 동남구 먹거리10길 12, 2층 (신부동)",투썸플레이스천안신부점,커피숍,,
36,영업/정상,041-555-3922,충청남도 천안시 동남구 병천면 병천리 289-1번지 1층 ,"충청남도 천안시 동남구 병천면 아우내순대길 19, 1층",요거프레소천안병천점,커피숍,,
37,영업/정상,041-621-0116,충청남도 천안시 서북구 차암동 435-1번지 ,"충청남도 천안시 서북구 3공단6로 50, 1층 116호 (차암동, 힐링J타워)",더모어더베러,커피숍,,
38,영업/정상,1522-3232,충청남도 천안시 서북구 쌍용동 191번지 이마트천안점 1층 ,"충청남도 천안시 서북구 충무로 187, 1층 (쌍용동, 이마트천안점)",스타벅스천안이마트점,커피숍,,
39,영업/정상,041-522-5098,충청남도 천안시 서북구 두정동 909번지 ,"충청남도 천안시 서북구 원두정10길 7, 제2동 1층 (두정동)",더벤티천안두정점,커피숍,,
40,영업/정상,없음,충청남도 천안시 동남구 신방동 1503번지 1층 ,"충청남도 천안시 동남구 통정3로 30, 1층 (신방동)",그리고제제,커피숍,,
41,영업/정상,0507-1394-3601,충청남도 천안시 동남구 신방동 1711 1층 ,"충청남도 천안시 동남구 통정12로 78, 1층 (신방동)",버터집,커피숍,,
42,영업/정상,0507-1324-5967,충청남도 천안시 동남구 신부동 87-1번지 1층 ,"충청남도 천안시 동남구 먹거리6길 8, 1층 (신부동)",디저트소밀,커피숍,,
43,영업/정상,041 557 3320,"충청남도 천안시 동남구 신부동 972번지 ,1층 ","충청남도 천안시 동남구 천안천8길 53-5 (신부동,,1층)",토프레소천안신부점,커피숍,,
44,영업/정상, 041 5609114,충청남도 천안시 동남구 수신면 장산리 669-1 외4필지 ,충청남도 천안시 동남구 수신면 수신로 576,스무디킹,커피숍,,
45,영업/정상,041-577-6232,충청남도 천안시 서북구 쌍용동 392-1번지 외2필지(1층) ,"충청남도 천안시 서북구 서부대로 297 (쌍용동,외2필지(1층))",카페베네쌍용점,커피숍,,
46,영업/정상,070-8803-9684,충청남도 천안시 서북구 백석동 1011번지 백석메디컬센터 1층 105호,"충청남도 천안시 서북구 한들3로 85-85, 1층 105호 (백석동, 백석메디컬센터)",카페보니또,커피숍,,
47,영업/정상, 041 5512733,충청남도 천안시 서북구 두정동 624 대전대학교부속천안한방병원 ,"충청남도 천안시 서북구 노태산로 4, 대전대학교부속천안한방병원 1층 (두정동)",엔제리너스두정점,커피숍,,
48,영업/정상,080 234 7575,충청남도 천안시 동남구 풍세면 용정리 995 2층(집단급식소 내 휴게음식점) ,"충청남도 천안시 동남구 풍세면 풍세산단3로 111, 2층 (집단급식소 내 휴게음식점)",카페그랑이랜드물류센터점휴게음식점,커피숍,,
49,영업/정상,없음,충청남도 천안시 동남구 신부동 462-2 1층 ,"충청남도 천안시 동남구 만남로 42, 1층 (신부동)",서진단조주식회사천안지점,커피숍,,
50,영업/정상,010-4071-8478,충청남도 천안시 서북구 두정동 68-1번지 외6필지 ,"충청남도 천안시 서북구 1공단1길 52, 1층 142호 (두정동, 센트하임프라자)",베이크움,커피숍,,
51,영업/정상,0507-1310-4645,"충청남도 천안시 동남구 목천읍 신계리 103-4번지 목천신도브래뉴1차아파트 상가동 1층 108호, 109호 ","충청남도 천안시 동남구 목천읍 신계5길 47, 상가동 1층 108호, 109호 (신도브래뉴1차아파트)",라비에벨,커피숍,,
52,영업/정상,041 569 4400,충청남도 천안시 동남구 안서동 226-20번지 ,"충청남도 천안시 동남구 각원사길 50, 1,2층 (안서동)",카메라떼안서점,커피숍,,
53,영업/정상,041-555-1880,충청남도 천안시 서북구 불당동 727번지 109호.110호 ,"충청남도 천안시 서북구 번영로 100, 1층 109,110호 (불당동)",랜디스,커피숍,,
54,영업/정상,041 552 1047,충청남도 천안시 동남구 목천읍 신계리 139-1 외2필지 1층 ,"충청남도 천안시 동남구 목천읍 목천안터1길 4, 1층",토프레소,커피숍,,
55,영업/정상,041 557 8182,"충청남도 천안시 동남구 목천읍 남화리 230-1 독립기념관 1,2층 109동 ","충청남도 천안시 동남구 목천읍 독립기념관로 1, 독립기념관 109동 1,2층",도피오커피독립기념관점,커피숍,,
56,영업/정상,041-562-1230,충청남도 천안시 서북구 두정동 525-1 ,"충청남도 천안시 서북구 봉정로 353, 상가2동 2층 201호 (두정동, 대우아파트)",카페슬해,커피숍,,
57,영업/정상,041-556-0410,충청남도 천안시 서북구 불당동 731 ,"충청남도 천안시 서북구 검은들3길 58, 1층 106호 (불당동, 메가클래스블루)",빽다방천안불당중앙점,커피숍,,
58,영업/정상, 041 5225609,충청남도 천안시 동남구 삼룡동 41-13번지 1층 ,"충청남도 천안시 동남구 충절로 537, 1층 (삼룡동)",굿타임카페,커피숍,,
59,영업/정상,041-1111-2222,"충청남도 천안시 동남구 신부동 489-1번지 외2필지, 2층 208호 ","충청남도 천안시 동남구 신부12길 19, 2층 208호 (신부동)",아이언피씨카페,커피숍,,
60,영업/정상,041 522 4261,충청남도 천안시 동남구 안서동 534-29 외 1필지 1층 ,"충청남도 천안시 동남구 각원사길 52, 1층 (안서동)",빽다방천안상명대점,커피숍,,
61,영업/정상, 041 5715278,충청남도 천안시 동남구 병천면 병천리 168-10번지 외 1필지 1층 ,"충청남도 천안시 동남구 병천면 아우내순대길 43, 1층",카페베네천안병천점,커피숍,,
62,영업/정상,041-569-1300,충청남도 천안시 서북구 불당동 682번지 ,"충청남도 천안시 서북구 검은들1길 25, 1층 (불당동)",블루가든천안불당점,커피숍,,
63,영업/정상, 041 5218088,충청남도 천안시 서북구 부대동 415-1번지 ,"충청남도 천안시 서북구 과수원길 18, A(교학동)동 지1층 (부대동, 한국기술교육대학교제2캠퍼스)",카페여유당,커피숍,,
64,영업/정상,없음,충청남도 천안시 서북구 업성동 174-1번지 ,"충청남도 천안시 서북구 번영로 705, 1층 (업성동)",블루포트서북경찰서점,커피숍,,
65,영업/정상, 041 5663735,충청남도 천안시 동남구 병천면 병천리 109-5번지 1층 ,"충청남도 천안시 동남구 병천면 병천2로 28, 1층",아리아리협동조합,커피숍,,
66,영업/정상,0507-1318-1246,충청남도 천안시 서북구 두정동 667번지 ,"충청남도 천안시 서북구 오성로 23, 1동 1층 (두정동, 은동빌딩)",그대와봄날,커피숍,,
67,영업/정상,041 551 2817,충청남도 천안시 서북구 두정동 84-1 ,"충청남도 천안시 서북구 두정로 289, 2층 (두정동, 두정역사)",코레일유통(주)마성떡볶이,커피숍,,
68,영업/정상,0507-1312-4505,충청남도 천안시 서북구 불당동 1477번지 ,"충청남도 천안시 서북구 불당24로 51, 금정타워 1층 102호 (불당동)",진수네드레스카페,커피숍,,
69,영업/정상,041-552-0484,충청남도 천안시 동남구 청수동 337번지 1층 ,"충청남도 천안시 동남구 청수15길 41, 1층 (청수동)",산타클라라,커피숍,,
70,영업/정상,070-4113-3281,충청남도 천안시 서북구 성정동 662-11번지 ,"충청남도 천안시 서북구 봉정로 228, 1층 (성정동)",카페지,커피숍,,
71,영업/정상,041 578 6410,충청남도 천안시 동남구 신방동 784-9번지 홈플러스테스코(주) 천안신방점 1층 ,"충청남도 천안시 동남구 신촌1길 23, 1층 (신방동, 홈플러스테스코(주) 천안신방점)",챔피언키즈스포츠클럽천안신방점,키즈카페,,
72,영업/정상,041 583 0707,"충청남도 천안시 서북구 성거읍 신월리 343-18번지 외 2필지 1,2층 ","충청남도 천안시 서북구 성거읍 봉주로 72-1, 1,2층",엔제리너스천안직산점,커피숍,,
73,영업/정상,041 522 8899,충청남도 천안시 서북구 두정동 973번지 ,"충청남도 천안시 서북구 부성1길 3, 1층 (두정동)",투썸플레이스천안두정점,커피숍,,
74,영업/정상,041-556-6696,충청남도 천안시 서북구 성정2동 1519 백석대학빌딩 103호,"충청남도 천안시 서북구 동서대로 129-12, 103호 (성정동,백석대학빌딩)",요거프레소,커피숍,,
75,영업/정상,041-522-5125,충청남도 천안시 동남구 신부동 455-9번지 ,"충청남도 천안시 동남구 먹거리11길 20, 1층 (신부동)",타이거슈가천안점,커피숍,,
76,영업/정상, 041 5535350,충청남도 천안시 서북구 백석동 152-5번지 ,"충청남도 천안시 서북구 백석로 73, 1~2층 (백석동)",보드웰,커피숍,,
77,영업/정상,041 588 7868,충청남도 천안시 서북구 입장면 가산리 361-7 입장상휴게소 ,충청남도 천안시 서북구 입장면 연곡길 407 (입장상휴게소),주식회사케이알산업입장거봉포도(서울)휴게소청년비범한꼬치,커피숍,,
78,영업/정상,041 521 9568,충청남도 천안시 서북구 부대동 275 ,"충청남도 천안시 서북구 천안대로 1223-24, 1층 (부대동, 학생회관)",공주대학교공과대학커피전문점,커피숍,,
79,영업/정상,041-555-9844,충청남도 천안시 서북구 두정동 928-2 ,"충청남도 천안시 서북구 원두정8길 19, 1층 (두정동)",메가엠지씨커피천안두정중앙점,커피숍,,
80,영업/정상,041 552 8880,충청남도 천안시 동남구 오룡동 176-2번지 1층 ,"충청남도 천안시 동남구 명동길 22, 1층 (오룡동)",멋,커피숍,,
81,영업/정상, 041 6207000,충청남도 천안시 동남구 신부동 354-1 외56필지 ,"충청남도 천안시 동남구 만남로 43 (신부동,외56필지)",던킨도너츠천안야우리점,커피숍,,
82,영업/정상,0507-1415-3406,충청남도 천안시 서북구 쌍용동 1533번지 ,"충청남도 천안시 서북구 월봉로 64-1, 1층 (쌍용동)",오드리,커피숍,,
83,영업/정상,041 578 0233,"충청남도 천안시 동남구 신방동 785-43번지 외1필지, 1층 102호 ","충청남도 천안시 동남구 신촌2길 16, 1층 102호 (신방동)",커피그래비티,커피숍,,
84,영업/정상,041-902-9792,충청남도 천안시 서북구 불당동 715번지 ,"충청남도 천안시 서북구 검은들3길 39, 1층 103호 (불당동)",띠아모천안불당점,커피숍,,
85,영업/정상,0507-1401-5965,충청남도 천안시 서북구 두정동 1701번지 ,"충청남도 천안시 서북구 두정역동6길 12, 1층 (두정동, 리치빌)",민스커피,커피숍,,
86,영업/정상,041 411 5427,충청남도 천안시 서북구 불당동 1299번지 갤러리아백화점 8층 ,"충청남도 천안시 서북구 공원로 227 (불당동,갤러리아백화점 8층)",빈스앤베리즈센터시티3호점,커피숍,,
87,영업/정상,041 411 5425,충청남도 천안시 서북구 불당동 1299번지 갤러리아백화점 지하1층 ,"충청남도 천안시 서북구 공원로 227 (불당동,갤러리아백화점 지하1층)",빈스앤베리즈센터시티1호점,커피숍,,
88,영업/정상,041 411 5426,충청남도 천안시 서북구 불당동 1299번지 갤러리아백화점 3층 ,"충청남도 천안시 서북구 공원로 227 (불당동,갤러리아백화점 3층)",빈스앤베리즈센터시티2호점,커피숍,,
89,영업/정상,070-4319-3584,충청남도 천안시 서북구 두정동 796번지 1층 ,"충청남도 천안시 서북구 오성로 36, 1층 (두정동)",세나클,커피숍,,
90,영업/정상,041 555 8497,"충청남도 천안시 동남구 대흥동 124-2번지 외2필지 1,2층 ","충청남도 천안시 동남구 대흥로 235, 1,2층 (대흥동)",파스쿠찌천안역점,커피숍,,
91,영업/정상, 041 5231252,충청남도 천안시 서북구 성정동 1133번지 외3필지 1동 ,"충청남도 천안시 서북구 성정중1길 26-2, 1동 (성정동,외3필지)",카페아모르,커피숍,,
92,영업/정상,042 825 3130,충청남도 천안시 서북구 차암동 421번지 아드반테스트코리아(주) ,"충청남도 천안시 서북구 3공단6로 140, 아드반테스트코리아(주) 1동 2층 (차암동)",아드반테스트코리아카페,커피숍,,
93,영업/정상,041-575-4640,충청남도 천안시 서북구 쌍용동 380-24번지 ,"충청남도 천안시 서북구 새말3길 6, 1층 (쌍용동)",커피소사이어티,커피숍,,
94,영업/정상,041-622-3772,충청남도 천안시 동남구 목천읍 신계리 107-32번지 1층 ,"충청남도 천안시 동남구 목천읍 신계5길 7, 1층",카페왈라,커피숍,,
95,영업/정상,041 552 1020,충청남도 천안시 동남구 신부동 379번지 2동 1층 ,"충청남도 천안시 동남구 먹거리3길 21, 2동 1층 (신부동)",슬로우커피3,커피숍,,
96,영업/정상,없음,충청남도 천안시 서북구 성환읍 성환리 458 ,"충청남도 천안시 서북구 성환읍 성환18길 28, 1층",매주리,커피숍,,
97,영업/정상, 041 5521963,충청남도 천안시 서북구 두정동 692번지 ,"충청남도 천안시 서북구 두정로 122, 1층 101호 (두정동)",행복돈까스,커피숍,,
98,영업/정상,0507-1301-0521,충청남도 천안시 서북구 불당동 1540번지 ,"충청남도 천안시 서북구 불당25로 142, 1층 114호 (불당동, 골든프라자)",쥬씨신불당점,커피숍,,
99,영업/정상,041 556 5115,충청남도 천안시 서북구 두정동 635번지 외1필지 1동(1층) ,"충청남도 천안시 서북구 늘푸른2길 5 (두정동,외1필지 1동(1층))",카페치올라,커피숍,,
100,영업/정상, 041 5552065,충청남도 천안시 서북구 불당동 1383번지 ,"충청남도 천안시 서북구 공원로 248, 1층 (불당동)",메리골드,커피숍,,
101,영업/정상, 041 5822122,충청남도 천안시 서북구 성환읍 성환리 449-314번지 ,"충청남도 천안시 서북구 성환읍 성환1로 229-12, 1층",문토스트커피,커피숍,,
102,영업/정상,041 578 8222,충청남도 천안시 서북구 쌍용동 389-41번지 ,"충청남도 천안시 서북구 새말3길 12, 1층 (쌍용동)",아파트옆식물원까페휴심,커피숍,,
103,영업/정상,없음,충청남도 천안시 동남구 사직동 181-3번지 ,"충청남도 천안시 동남구 사직로 10-6, C동 1층 23호 (사직동)",겨자씨까페,커피숍,,
104,영업/정상,0507-1349-0101,충청남도 천안시 서북구 두정동 1265번지 1동 ,"충청남도 천안시 서북구 두정로 197, 1동 1층 (두정동)",카페모리앙,커피숍,,
105,영업/정상,041-574-1300,충청남도 천안시 서북구 쌍용동 1545번지 ,충청남도 천안시 서북구 월봉로 79 (쌍용동),쏠뱅,커피숍,,
106,영업/정상,없음,충청남도 천안시 서북구 쌍용동 1201번지 ,"충청남도 천안시 서북구 미라2길 12-1, 1층 (쌍용동)",카페에스피,커피숍,,
107,영업/정상, 041 5612220,충청남도 천안시 서북구 성정동 1335번지 ,"충청남도 천안시 서북구 성정공원7길 3, 1층 101호 (성정동)",유달리두정점,커피숍,,
108,영업/정상,041-575-6237,충청남도 천안시 서북구 쌍용동 1293 ,"충청남도 천안시 서북구 불당대로 265, 1층 (쌍용동, OK빌딩)",달커피,커피숍,,
109,영업/정상,070-8825-6129,충청남도 천안시 동남구 목천읍 신계리 250-1번지 1층 ,"충청남도 천안시 동남구 목천읍 목천안터1길 77-6, 1층",딜,커피숍,,
110,영업/정상,없음,"충청남도 천안시 동남구 구룡동 564-12번지 , 지하1층 ","충청남도 천안시 동남구 풍세로 708 (구룡동,, 지하1층)",그레이스하늘샘까페,커피숍,,
111,영업/정상,041 908 5435,충청남도 천안시 동남구 원성동 592-21번지 1층 ,"충청남도 천안시 동남구 원거리3길 10, 1층 (원성동)",카페파구스천안남산점,커피숍,,
112,영업/정상,041 553 3720,"충청남도 천안시 동남구 신부동 966번지 천안신부동더샾 111,112호 ","충청남도 천안시 동남구 만남로 9 (신부동,천안신부동더샾 111,112호)",스타벅스천안신부동점,커피숍,,
113,영업/정상, 041 5222721,충청남도 천안시 서북구 불당동 1426번지 ,"충청남도 천안시 서북구 불당14로 11, 상가동 지1층 107,108,109호 (불당동, 불당풍림아이원아파트)",정진원의커피볶는집로스터스,커피숍,,
114,영업/정상,0507-1404-8440,충청남도 천안시 동남구 유량동 61-5번지 2층 ,"충청남도 천안시 동남구 양지말1길 11-12, 2층 (유량동)",메종드엠,커피숍,,
115,영업/정상, 041 5786440,충청남도 천안시 서북구 불당동 1260번지 ,"충청남도 천안시 서북구 불당6길 17, 1층 (불당동)",안나카페,커피숍,,
116,영업/정상,041-552-6655,"충청남도 천안시 서북구 백석동 292-3번지 외2필지(660-2,660-3) 1층 ","충청남도 천안시 서북구 백석로 10, 1층 (백석동)",탐앤탐스천안백석점,커피숍,,
117,영업/정상,041 565 0420,충청남도 천안시 동남구 신부동 461-5번지 지하1층 ,"충청남도 천안시 동남구 만남로 34, 지하1층 (신부동)",카페라고,커피숍,,
118,영업/정상,041-523-9979,충청남도 천안시 서북구 불당동 1537번지 퍼스트프라자 506호,"충청남도 천안시 서북구 불당21로 67-12, 5층 506호 (불당동)",시크릿쥬쥬또봇천안불당점,키즈카페,,
119,영업/정상,041 577 7977,충청남도 천안시 동남구 봉명동 40-20번지 가동 1층 ,"충청남도 천안시 동남구 봉정로 15-1, 가동 1층 (봉명동)",딜리셔스,커피숍,,
120,영업/정상,041 523 7887,충청남도 천안시 서북구 두정동 1276번지 1층 ,"충청남도 천안시 서북구 두정로 213, 1층 (두정동)",연이낭자,커피숍,,
121,영업/정상,010-6753-3147,충청남도 천안시 동남구 다가동 408-28번지 1층 ,"충청남도 천안시 동남구 다가말2길 61, 1층 (다가동)",선길,커피숍,,
122,영업/정상,0507-1421-3179,충청남도 천안시 동남구 신방동 60-1 1층 ,"충청남도 천안시 동남구 서부대로 257-5, 1층 (신방동)",카페316,커피숍,,
123,영업/정상,041-558-8910,충청남도 천안시 동남구 신부동 72-40번지 외 1필지 1층 ,"충청남도 천안시 동남구 신부9길 4, 1층 (신부동)",야미야미분식다방,커피숍,,
124,영업/정상,없음,충청남도 천안시 동남구 용곡동 298-2번지 1층 ,"충청남도 천안시 동남구 용곡6길 44, 1층 (용곡동)",커피와꽃향기,커피숍,,
125,영업/정상,없음,충청남도 천안시 서북구 성정동 677-13번지 ,"충청남도 천안시 서북구 쌍용대로 240, 1층 (성정동)",참도시락,커피숍,,
126,영업/정상,041-588-0550,"충청남도 천안시 서북구 직산읍 삼은리 311번지 1층, 2층 ","충청남도 천안시 서북구 직산읍 삼은3길 10, 1, 2층",이디야커피천안직산점,커피숍,,
127,영업/정상,041-562-5552,충청남도 천안시 서북구 두정동 910 1층 ,"충청남도 천안시 서북구 두정로 166, 1층 (두정동)",빽다방천안두정중앙,커피숍,,
128,영업/정상,041-534-6232,충청남도 천안시 서북구 불당동 1289번지 펜타포트몰B동 지하2층 ,"충청남도 천안시 서북구 공원로 196, 지하2층 (불당동, 펜타포트몰B동)",카페베네펜타포트점,커피숍,,
129,영업/정상, 041 5771252,충청남도 천안시 서북구 불당동 1799번지 ,"충청남도 천안시 서북구 불당19로 92, 근생동 1~2층 (불당동)",투썸플레이스천안신불당에스케이,커피숍,,
130,영업/정상,041-523-8909,충청남도 천안시 서북구 성성동 508번지 ,충청남도 천안시 서북구 번영로 467 (성성동),더카페엠지,커피숍,,
131,영업/정상,041-566-2737,충청남도 천안시 동남구 대흥동 80번지 삼영빌딩 1층 102호,"충청남도 천안시 동남구 대흥로 228, 삼영빌딩 1층 102호 (대흥동)",빽다방천안역점,커피숍,,
132,영업/정상,041 522 3452,충청남도 천안시 동남구 안서동 522번지 ,"충청남도 천안시 동남구 단대로 119, 지하1층 (안서동, 단국대학교, 단우홀)",일층상사,커피숍,,
133,영업/정상, 041 5221602,충청남도 천안시 서북구 백석동 1051번지 ,"충청남도 천안시 서북구 한들1로 196, 2층 B201,B202,B203호 (백석동, 천안마치에비뉴2)",모넬로,키즈카페,,
134,영업/정상, 041 5753472,충청남도 천안시 서북구 쌍용동 446-23번지 외1필지 ,"충청남도 천안시 서북구 충무로 133, 1층 (쌍용동, 북일빌딩1동)",스타벅스천안쌍용역점,커피숍,,
135,영업/정상,041-556-8751,"충청남도 천안시 동남구 병천면 가전리 190-62번지 ,2동 지하1층 ","충청남도 천안시 동남구 병천면 가전7길 1-12 (,2동 지하1층)",커피방울,커피숍,,
136,영업/정상,없음,충청남도 천안시 동남구 목천읍 교촌리 232-4번지 외29필지 제1동 연수수련공원관리동 2층 ,"충청남도 천안시 동남구 목천읍 서리4길 48, 2층 (제1동 연수수련공원관리동)",쉐이드트리,커피숍,,
137,영업/정상,0507-1303-2358,충청남도 천안시 동남구 신부동 456-17번지 2층 ,"충청남도 천안시 동남구 먹거리3길 14, 2층 (신부동)",카페어젠,커피숍,,
138,영업/정상,041-567-6362,충청남도 천안시 서북구 쌍용동 1697 ,"충청남도 천안시 서북구 월봉4로 59, 1층 (쌍용동)",서정이네커피콩,커피숍,,
139,영업/정상,0507-1347-0403,충청남도 천안시 동남구 신부동 465-19번지 3층 ,"충청남도 천안시 동남구 먹거리9길 28, 3층 (신부동)",수상한홍카페,커피숍,,
140,영업/정상,041 621 4007,충청남도 천안시 서북구 불당동 767번지 ,충청남도 천안시 서북구 봉서산로 69-12 (불당동),루카스카페,커피숍,,
141,영업/정상,041 571 3355,"충청남도 천안시 동남구 신방동 54-3번지 1,2층 ","충청남도 천안시 동남구 수곡2길 15, 1,2층 (신방동)",투썸플레이스,커피숍,,
142,영업/정상,1522-3232,충청남도 천안시 서북구 두정동 975-1번지 1층 ,"충청남도 천안시 서북구 부성4길 3, 1층 (두정동)",스타벅스천안두정점,커피숍,,
143,영업/정상,041 568 9919,"충청남도 천안시 서북구 두정동 701번지 1,2층 ","충청남도 천안시 서북구 서부대로 739, 1,2층 (두정동)",탐앤탐스천안에비뉴점,커피숍,,
144,영업/정상,없음,충청남도 천안시 동남구 목천읍 지산리 157-6번지 1층 ,"충청남도 천안시 동남구 목천읍 교천지산길 284-6, 1층",황칠가카페,커피숍,36.79190057,127.1924863
145,영업/정상,041 574 5442,충청남도 천안시 동남구 신방동 1898번지 1층 ,"충청남도 천안시 동남구 통정5로 48, 1층 (신방동)",이디야커피천안신방점,커피숍,36.77365708,127.1326501
146,영업/정상,041 566 1369,충청남도 천안시 서북구 성정동 1486번지 롯데마트성정점 3층 ,"충청남도 천안시 서북구 성정두정로 1, 3층 (성정동, 롯데마트성정점)",리틀팝,커피숍,36.82619672,127.1399629
147,영업/정상,041 568 9919,충청남도 천안시 서북구 두정동 831번지 1동(1층) ,"충청남도 천안시 서북구 원두정2길 2 (두정동,1동(1층))",탐앤탐스두정점,커피숍,36.83050903,127.1355708
148,영업/정상,041 576 4700,충청남도 천안시 서북구 쌍용동 955번지 1층 ,"충청남도 천안시 서북구 미라13길 16, 1층 (쌍용동)",할리스커피쌍용점,커피숍,36.80513539,127.130429
149,영업/정상,0507-1361-8116,충청남도 천안시 동남구 봉명동 216-8번지 외 1필지 순천향대학교천안병원 1동 2층 ,"충청남도 천안시 동남구 순천향6길 31, 1동 2층 (봉명동, 순천향대학교천안병원)",도피오커피순천향대병원외래진료관점,커피숍,36.80278862,127.1353368
150,영업/정상,0507-1404-0503,충청남도 천안시 서북구 두정동 1524번지 ,"충청남도 천안시 서북구 성정두정로 98, 1층 (두정동)",커피바이블,커피숍,36.83426564,127.1420939
151,영업/정상,041-565-7900,충청남도 천안시 서북구 불당동 1529번지 ,"충청남도 천안시 서북구 불당26로 100-20, 1층 110호 (불당동)",카페이디야천안신불당점,커피숍,x,x
152,영업/정상,없음,"충청남도 천안시 동남구 신부동 354-1번지 외61필지, 본관2동 2층 ","충청남도 천안시 동남구 만남로 43, 본관2동 2층 (신부동)",베브릿지신세계천안점,커피숍,36.82042291,127.1566687
153,영업/정상,0507-1498-0302,충청남도 천안시 동남구 목천읍 신계리 291-4번지 1층 108호,"충청남도 천안시 동남구 목천읍 충절로 869, 1층 108호",듀오0301,커피숍,36.77217112,127.2076751
154,영업/정상,041-565-8875,충청남도 천안시 동남구 신부동 454-2번지 1층 ,"충청남도 천안시 동남구 만남로 20, 1층 (신부동)",메가커피,커피숍,36.81847686,127.1542734
155,영업/정상,041 555 9027,충청남도 천안시 동남구 구성동 526번지 1동 2층 ,"충청남도 천안시 동남구 대흥로 57, 1동 2층 (구성동)",카페2층,커피숍,36.79787862,127.1550443
156,영업/정상,041-567-4079,충청남도 천안시 서북구 불당동 1694번지 ,"충청남도 천안시 서북구 불당32길 24, 1층 (불당동)",이디야천안불당신도시점,커피숍,36.80844538,127.1053742
157,영업/정상,041-522-5024,충청남도 천안시 동남구 청당동 549번지 1층 ,"충청남도 천안시 동남구 청수5로 10, 1층 (청당동)",할리스커피동천안우체국점,커피숍,36.78384003,127.1549852
158,영업/정상,041 590 2350,충청남도 천안시 동남구 청당동 481 1동 1층 ,"충청남도 천안시 동남구 청수6로 73, 1동 1층 (청당동)",카페디엔어울림,커피숍,36.78668428,127.1560417
159,영업/정상,041-561-0039,충청남도 천안시 서북구 두정동 1163번지 ,"충청남도 천안시 서북구 두정중9길 11-1, 1층 (두정동)",디저트39,커피숍,36.83701093,127.1395551
160,영업/정상, 041 5564005,충청남도 천안시 서북구 불당동 1487번지 ,"충청남도 천안시 서북구 불당25로 192, 1층 115호 (불당동, 골든프라자2)",메가커피,커피숍,x,x
161,영업/정상,041-555-3120,충청남도 천안시 동남구 목천읍 천정리 109-5번지 1층 102호 ,"충청남도 천안시 동남구 목천읍 성남로 19, 1층 102호",동네커피,커피숍,36.76956741,127.2071581
162,영업/정상, 041 5574000,충청남도 천안시 서북구 성거읍 요방리 121 외4필지 ,"충청남도 천안시 서북구 성거읍 돌다리길 23-37, 1층 (망향(부산방향)휴게소 I동)",(주)제이에스물산커피니앤비비큐,커피숍,36.85512542,127.1806302
163,영업/정상, 041 6210930,충청남도 천안시 서북구 성성동 364-3 외1필지 ,"충청남도 천안시 서북구 공단로 98, 1~2층 (성성동)",파크,커피숍,x,x
164,영업/정상,070 77788125,"충청남도 천안시 동남구 풍세면 용정리 764-19 외 1필지, 2동 1층 ","충청남도 천안시 동남구 풍세면 한우물2길 90, 2동 1층",풍세커피,커피숍,36.73835845,127.1066995
165,영업/정상,0707 8188008,충청남도 천안시 동남구 봉명동 23-31번지 1층 ,"충청남도 천안시 동남구 순천향3길 52, 1층 (봉명동)",더채움,커피숍,36.80197018,127.1365558
166,영업/정상, 041 6213927,충청남도 천안시 서북구 두정동 604번지 ,"충청남도 천안시 서북구 오성로 18, 1층 (두정동, 천안명성교회)",카페헤븐,커피숍,36.83007963,127.1291693
167,영업/정상,0507-1319-7815,충청남도 천안시 서북구 성환읍 성환리 449-176번지 ,"충청남도 천안시 서북구 성환읍 성환중앙로 27, 1층",정연이타로이야기,커피숍,36.91640518,127.1295988
168,영업/정상,041-558-4717,충청남도 천안시 서북구 두정동 1170번지 외1필지 ,"충청남도 천안시 서북구 두정중10길 8, 1층 (두정동)",다님길커피,커피숍,36.83722302,127.1398612
169,영업/정상,041-523-4865,충청남도 천안시 동남구 목천읍 신계리 332-2번지 1동 1층 ,"충청남도 천안시 동남구 목천읍 충절로 852, 1동 1층",이베노가,커피숍,36.77070797,127.2063676
170,영업/정상,0507-1418-9314,충남 천안시 서북구 두정동 1466 1층,충남 천안시 서북구 성정두정로 82 1층복사,러브유레이틀리,커피숍,x,x
171,영업/정상,041 557 6051,충청남도 천안시 동남구 목천읍 신계리 88-22번지 ,"충청남도 천안시 동남구 목천읍 남부대로 949, 1층",아날로그커피,커피숍,36.77478327,127.2199513
172,영업/정상, 041 5575556,충청남도 천안시 서북구 불당동 1638 ,"충청남도 천안시 서북구 불당33길 7, 1~2층 106,204호 (불당동, 베스트타워)",카페맘마누,커피숍,x,x
173,영업/정상,041-558-8497,충청남도 천안시 서북구 불당동 1762번지 ,"충청남도 천안시 서북구 불당30길 42, 1층 (불당동)",골든로우프,커피숍,36.81043891,127.1042779
174,영업/정상,0507-1307-7015,"충청남도 천안시 동남구 신방동 65-15번지 1층, 2층 ","충청남도 천안시 동남구 서부대로 247-10, 1층, 2층 (신방동)",마리웨일237신방점,커피숍,36.79046133,127.1278708
175,영업/정상,041-900-2003,충청남도 천안시 서북구 성정동 652-12번지 1층 나동 ,"충청남도 천안시 서북구 서부16길 20, 나동 1층 (성정동)",봉구커피,커피숍,36.822723,127.1385341
176,영업/정상,041-565-4020,충청남도 천안시 동남구 청당동 506번지 1층 106호 ,"충청남도 천안시 동남구 청수5로 3, 1층 106호 (청당동)",우주라이크천안법원점,커피숍,36.77794402,127.1586375
177,영업/정상,041 550 2269,충청남도 천안시 동남구 안서동 115 외16필지 1층 14동 ,"충청남도 천안시 동남구 문암로 76, 14동 1층 (안서동)",카페뷰리백석대학교분수광장점,커피숍,36.84021698,127.1850163
178,영업/정상,041 550 2269,충청남도 천안시 동남구 안서동 115 외16필지 1층 15동 ,"충청남도 천안시 동남구 문암로 76, 15동 1층 (안서동)",카페뷰리백석대학교조형관점,커피숍,36.84021698,127.1850163
179,영업/정상, 041 5679886,충청남도 천안시 서북구 불당동 739번지 ,"충청남도 천안시 서북구 불당4로 91, 1층 102,103,104호 (불당동)",스타벅스천안불당점,커피숍,36.81002014,127.1111084
180,영업/정상,0507-1405-1408,충남 천안시 동남구 신부동 347-1 신세계백화점 충청점 본관 1동 1층,충남 천안시 동남구 만남로 43 신세계백화점 충청점 본관 1동 1층,제주스천안지점,커피숍,x,x
182,영업/정상,041 568 1133,충청남도 천안시 동남구 청당동 551번지 ,"충청남도 천안시 동남구 청수14로 96, 1층 (청당동)",토프레소천안청당점,커피숍,36.78529047,127.156808
183,영업/정상,041 578 4076,충청남도 천안시 서북구 쌍용동 456번지 나사렛대학교제2창학관 ,"충청남도 천안시 서북구 쌍용19로 3, 303~304호 (쌍용동, 나사렛대학교제2창학관)",바이올렛,커피숍,36.79593083,127.1194682
184,영업/정상,041 555 0814,충청남도 천안시 동남구 신부동 451-1번지 외1필지 ,"충청남도 천안시 동남구 만남로 6, 1층 (신부동)",드롭탑신부점,커피숍,37.33594948,126.8111457
185,영업/정상,041 523 9114,충청남도 천안시 서북구 두정동 1327번지 ,"충청남도 천안시 서북구 두정상가8길 30, 1층 103호 (두정동)",카페두다트,커피숍,x,x
186,영업/정상,041-554-0011,충청남도 천안시 서북구 두정동 1036번지 ,"충청남도 천안시 서북구 부성6길 39-11, 1층 (두정동)",카페브로,커피숍,36.83656742,127.1379019
187,영업/정상, 041 5813887,충청남도 천안시 서북구 성환읍 성월리 64-2번지 ,"충청남도 천안시 서북구 성환읍 성진로 55, 1층",남서울대이디아커피점,커피숍,x,x
188,영업/정상,041-579-7799,충청남도 천안시 서북구 쌍용동 707번지 ,"충청남도 천안시 서북구 쌍용14길 31, 1층 (쌍용동, 하니빌)",커피707,커피숍,36.79811687,127.1205035
189,영업/정상,041-574-2020,충청남도 천안시 동남구 신방동 521-1번지 1층 ,"충청남도 천안시 동남구 신방통정로 44, 1층 (신방동)",투썸플레이스통정점,커피숍,x,x
190,영업/정상,041-554-5001,충청남도 천안시 동남구 대흥동 124-5번지 외 1필지 1층 ,"충청남도 천안시 동남구 대흥로 231, 1층 (대흥동)",쥬씨천안역점,커피숍,36.80880512,127.1477085
191,영업/정상,041-573-8880,충청남도 천안시 서북구 쌍용동 879 ,"충청남도 천안시 서북구 미라2길 90, 1층 (쌍용동)",꽈배기친구들,커피숍,36.80744677,127.1308504
192,영업/정상,041-577-5511,충청남도 천안시 동남구 신방동 49-16번지 1층 ,"충청남도 천안시 동남구 수곡2길 5, 1층 (신방동)",엔제리너스신방점,커피숍,36.78872284,127.1278902
193,영업/정상,070 70927065,충청남도 천안시 동남구 대흥동 57-1 3층 ,"충청남도 천안시 동남구 대흥로 239, 3층 (대흥동)",델리와플,커피숍,x,x
194,영업/정상,041-554-2345,충청남도 천안시 서북구 두정동 160번지 ,"충청남도 천안시 서북구 봉정로 362, 1층 (두정동)",메가커피,커피숍,36.83439864,127.1458419
195,영업/정상,041 558 9961,충청남도 천안시 동남구 신부동 354-1 외 61필지 본관2동 ,"충청남도 천안시 동남구 만남로 43, 본관2동 5층 (신부동)",카페공간학,커피숍,x,x
196,영업/정상,070 81841229,충청남도 천안시 동남구 영성동 24-4번지 1층 ,"충청남도 천안시 동남구 수선정길 19-1, 1층 (영성동)",아이엠커피,커피숍,36.80383765,127.1511217
197,영업/정상,041-565-3999,충청남도 천안시 서북구 성정동 1324번지 ,"충청남도 천안시 서북구 성정공원7길 9, 모아엘가워너비 1층 101(일부)호 (성정동)",카페그리고,커피숍,36.82969101,127.1419735
198,영업/정상, 041 5751826,충청남도 천안시 서북구 쌍용동 413-13 ,"충청남도 천안시 서북구 쌍용14길 46-24, 1층 (쌍용동)",가비,커피숍,x,x
199,영업/정상,041-551-2648,충청남도 천안시 동남구 유량동 9-3번지 2층 ,"충청남도 천안시 동남구 태조산길 264, 2층 (유량동)",커피동경,커피숍,36.82069424,127.1885017
200,영업/정상,041 556 6606,충청남도 천안시 동남구 병천면 병천리 120-3번지 1층 ,"충청남도 천안시 동남구 병천면 병천2로 51, 1층",은빛카페휴,커피숍,36.76610798,127.3022535
201,영업/정상,041 552 7172,"충청남도 천안시 동남구 유량동 158번지 1층, 2층 ","충청남도 천안시 동남구 양지말1길 11-1, 1층,2층 (유량동)",까페길목,커피숍,36.81525412,127.1845512
202,영업/정상,041 555 4439,충청남도 천안시 동남구 풍세면 삼태리 267-6번지 1층 ,"충청남도 천안시 동남구 풍세면 태학산로 496, 1층",크리스마스,커피숍,36.73607141,127.0859268
203,영업/정상,0507-1411-8277,충청남도 천안시 동남구 신부동 491-13번지 1층 ,"충청남도 천안시 동남구 신부13길 1, 1층 (신부동)",나이스앤이지,커피숍,36.81864542,127.1608029
204,영업/정상,0507-1436-5598,충청남도 천안시 동남구 용곡동 464-27번지 1층 ,"충청남도 천안시 동남구 용곡5길 37-4, 1층 (용곡동)",투썸플레이스천안용곡점,커피숍,36.79189158,127.1406745
205,영업/정상,041-577-1965,충청남도 천안시 서북구 쌍용동 1965번지 ,"충청남도 천안시 서북구 쌍용11길 18-1, 1층 (쌍용동)",카페수,커피숍,36.80243606,127.1207565
206,영업/정상,010-4826-7268,충청남도 천안시 동남구 신부동 453-3번지 1층 ,"충청남도 천안시 동남구 먹거리2길 5, 1층 (신부동)",언아더,커피숍,36.81764776,127.1538164
207,영업/정상,041 622 8305,충청남도 천안시 동남구 안서동 447-1 외 15필지 ,"충청남도 천안시 동남구 망향로 195, 1,2층 (안서동)",투썸플레이스천안안서점,커피숍,36.84060727,127.1740827
208,영업/정상,041-555-0821,충청남도 천안시 서북구 백석동 1172 ,"충청남도 천안시 서북구 한들3로 35-11, 1층 (백석동)",카페드몬몽,커피숍,x,x
209,영업/정상,0507-1311-1283,충청남도 천안시 동남구 영성동 7-4번지 1층 ,"충청남도 천안시 동남구 수선정길 31, 1층 (영성동)",바닐라봉봉,커피숍,36.80372995,127.1525985
210,영업/정상,010-2207-2530,"충청남도 천안시 동남구 안서동 468-5번지 2동 지하1층, 1층 ","충청남도 천안시 동남구 천호지길 27, 2동 지하1층, 1층 (안서동)",지로스터커피,커피숍,36.835793,127.1730287
211,영업/정상,041 565 7500,충청남도 천안시 서북구 백석동 361-11번지 ,"충청남도 천안시 서북구 한들1로 55-48, 1층 (백석동)",카페정원,커피숍,36.82562726,127.1153299
212,영업/정상,041-578-4242,충남 천안시 동남구 신방동 1531,충남 천안시 동남구 통정4로 8,세나클,커피숍,36.77403162,127.1314358
213,영업/정상,041 584 8220,충청남도 천안시 서북구 성거읍 모전리 360번지 1층 ,"충청남도 천안시 서북구 성거읍 성진로 654, 1층",커피원,커피숍,36.91230596,127.2035961
214,영업/정상,041 553 2863,충청남도 천안시 서북구 성정동 1322 ,"충청남도 천안시 서북구 성정두정로 35, 1층 104호 (성정동)",리치블랙,커피숍,36.82867991,127.1410504
215,영업/정상,없음,충청남도 천안시 서북구 쌍용동 1395번지 ,"충청남도 천안시 서북구 쌍용14길 9, 1층 (쌍용동)",무니,커피숍,36.8000385,127.1206199
216,영업/정상,041 577 3808,충청남도 천안시 서북구 쌍용동 838번지 ,"충청남도 천안시 서북구 봉명로 19, 1층 (쌍용동)",더커피,커피숍,x,x
217,영업/정상, 041 5852279,충청남도 천안시 서북구 성환읍 매주리 304-5번지 ,"충청남도 천안시 서북구 성환읍 연암율금로 512-10, 1층",카페코발트,커피숍,36.91097647,127.134886
218,영업/정상,041 522 1696,충청남도 천안시 동남구 청당동 801 1층 ,"충청남도 천안시 동남구 청수13로 14, 1층 (청당동)",투썸플레이스천안청수행정타운점,커피숍,x,x
219,영업/정상,041-550-5760,충청남도 천안시 동남구 풍세면 용정리 976번지 1층 집단급식소 내 휴게음식점 ,"충청남도 천안시 동남구 풍세면 풍세산단로 26, 1층 (집단급식소 내 휴게음식점)",이랜드리테일카페베즐리,커피숍,x,x
220,영업/정상,없음,충남 천안시 동남구 신부동 363-2 신세계백화점 충청점 4층,충남 천안시 동남구 만남로 43 신세계백화점 충청점 4층,공차천안야우리점,커피숍,36.81999135,127.1550222
221,영업/정상,0507-1355-5207,충청남도 천안시 서북구 불당동 1638번지 ,"충청남도 천안시 서북구 불당33길 7, 1층 102호 (불당동, 베스트타워)",카페맘마누,커피숍,x,x
222,영업/정상, 041 4150206,충청남도 천안시 동남구 신부동 305-6번지 1층 ,"충청남도 천안시 동남구 단대1로 14, 1층 (신부동)",오션카페,커피숍,x,x
223,영업/정상,041-623-0522,충청남도 천안시 동남구 안서동 300번지 외 17필지 주34기숙사(남)동 2층 ,"충청남도 천안시 동남구 상명대길 31, 주34기숙사(남)동 2층 (안서동)",파인트리카페,커피숍,,
224,영업/정상, 041 5651349,충청남도 천안시 동남구 북면 은지리 181번지 ,"충청남도 천안시 동남구 북면 은지2길 38, 1동 1층",맘앤쉐프카페,커피숍,,
225,영업/정상,041 547 9070,충청남도 천안시 서북구 불당동 1289 펜타포트 Mall B동  5층 ,"충청남도 천안시 서북구 공원로 196, 5층 (불당동, 펜타포트 Mall B동)",투썸플레이스씨지브이천안펜타포트점,커피숍,,
226,영업/정상,0507-1327-3754,충청남도 천안시 서북구 불당동 955번지 102호,"충청남도 천안시 서북구 불당11로 16, 1층 102호 (불당동)",스윗아르떼,커피숍,,
227,영업/정상,0507-1409-6746,충청남도 천안시 동남구 신부동 455-2번지 외1필지 ,"충청남도 천안시 동남구 먹거리10길 1, 1,2층 (신부동)",세나클,커피숍,,
228,영업/정상,041 567 0616,충청남도 천안시 동남구 광덕면 대덕리 261-6번지 외1필지 1동 1층 ,,샤론전통찻집,전통찻집,,
229,영업/정상,041 557 7583,충청남도 천안시 동남구 목천읍 동리 193-9번지 1층 ,"충청남도 천안시 동남구 목천읍 동평3길 126, 1층",카페지니스,커피숍,,
230,영업/정상,없음,충청남도 천안시 서북구 성환읍 매주리 21번지 외150필지 ,"충청남도 천안시 서북구 성환읍 대학로 91, 6동 지1층 (학생회관)",블루포트,커피숍,,
231,영업/정상, 041 6210218,충청남도 천안시 서북구 두정동 672-1번지 ,"충청남도 천안시 서북구 오성5길 22, 1층 (두정동)",마음을그리다,커피숍,,
232,영업/정상, 041 5507259,충청남도 천안시 동남구 안서동 522번지 외133필지 단국대학교병원B동 1층 ,"충청남도 천안시 동남구 단대로 119 (안서동,외133필지 단국대학교병원B동 1층)",새날카페단대병원점,커피숍,,
233,영업/정상,041 558 3060,충청남도 천안시 동남구 안서동 274번지 외1필지 1층 ,"충청남도 천안시 동남구 호서대길 5, 1층 (안서동)",꽃소담,커피숍,,
234,영업/정상,041-562-9860,충청남도 천안시 동남구 신방동 783-8번지 보광그랑베르상가 102호,"충청남도 천안시 동남구 신촌1길 16, 102호 (신방동, 보광그랑베르상가)",카페텐타티오,커피숍,,
235,영업/정상,041 521 2249,충청남도 천안시 서북구 불당동 234-1 ,충청남도 천안시 서북구 번영로 156 (불당동),도솔커피숍,커피숍,,
236,영업/정상,041-563-0008,충청남도 천안시 서북구 성성동 511-1 ,"충청남도 천안시 서북구 3공단2로 90-27, 지1층 (성성동)",그라찌에천안성성점,커피숍,,
237,영업/정상, 041 5693390,"충청남도 천안시 서북구 불당동 1618번지 불당동 리앤시티(103,104,105,106호) ","충청남도 천안시 서북구 불당33길 24, 1층 103,104,105,106호 (불당동, 불당동 리앤시티)",스타벅스천안신불당점,커피숍,,
238,영업/정상,041-573-5157,충청남도 천안시 서북구 쌍용동 308-30번지 외4필지 ,"충청남도 천안시 서북구 미라16길 9, 1층 (쌍용동)",커피그레비티,커피숍,,
239,영업/정상,010-3135-8727,충청남도 천안시 동남구 청당동 503번지 1층 105호 ,"충청남도 천안시 동남구 청수9로 1, 1층 105호 (청당동)",커피숲,커피숍,,
240,영업/정상,0507-1482-2236,충청남도 천안시 서북구 두정동 1561번지 ,"충청남도 천안시 서북구 두정중11길 62, 1층 (두정동)",에클레시아,커피숍,,
241,영업/정상,없음,충청남도 천안시 서북구 쌍용동 1086번지 ,"충청남도 천안시 서북구 미라9길 18, 4층 (쌍용동)",씨엔카페,커피숍,,
242,영업/정상,070-4233-7725,"충청남도 천안시 동남구 신방동 62-10번지 1층 101,102호 ","충청남도 천안시 동남구 충무로 158-35, 1층 101,102호 (신방동)",라떼빈,커피숍,,
243,영업/정상,0507-1311-6264,충청남도 천안시 서북구 백석동 1193번지 ,"충청남도 천안시 서북구 한들3로 70, 1층 111호 (백석동, 백석더샵아파트근린생활시설1)",커피베이천안백석점,커피숍,,
244,영업/정상,0507-1331-7998,충청남도 천안시 동남구 청당동 492번지 6층 602호 ,"충청남도 천안시 동남구 청수4로 16, 6층 602호 (청당동)",러블리베베,커피숍,,
245,영업/정상, 041 5226858,충청남도 천안시 동남구 안서동 386번지 외 3필지 2층 ,"충청남도 천안시 동남구 문암로 69, 2층 (안서동)",블랙컨테이너,커피숍,,
246,영업/정상,041 574 0013,충청남도 천안시 서북구 두정동 779번지 1층 ,"충청남도 천안시 서북구 오성6길 52, 1층 (두정동)",할리스커피,커피숍,,
247,영업/정상, 041 6299000,충청남도 천안시 서북구 성거읍 소우리 182-4번지 ,"충청남도 천안시 서북구 성거읍 봉주로 229, J동 1층 (천안인애학교)",천안인애학교해미래드림까페,커피숍,,
248,영업/정상,041 522 5845,"충청남도 천안시 동남구 다가동 355-17번지 1층, 2층 ","충청남도 천안시 동남구 다가5길 43, 1층, 2층 (다가동)",로맨틱투휠,커피숍,,
249,영업/정상,010-4508-0840,충청남도 천안시 서북구 불당동 1613번지 ,"충청남도 천안시 서북구 불당21로 40, 501동 지1층 B115호 (불당동, 천안불당호반써밋플레이스)",로하커피,커피숍,,
250,영업/정상,없음,충청남도 천안시 동남구 신부동 274-1번지 1층 ,"충청남도 천안시 동남구 단대로 93-1, 1층 (신부동)",콤마,커피숍,,
251,영업/정상,041 620 6837,"충청남도 천안시 동남구 목천읍 지산리 167-1번지 외6필지, 1층 ","충청남도 천안시 동남구 목천읍 교천지산길 284-11, 1층",신단수까페,커피숍,,
252,영업/정상,070 88203117,충청남도 천안시 서북구 불당동 1289번지 펜타포트Mall B동 5층 ,"충청남도 천안시 서북구 공원로 196, 5층 (불당동, 펜타포트Mall B동)",할리스펜타포트,커피숍,,
253,영업/정상,041 522 3300,충청남도 천안시 동남구 구성동 455-9번지 1층 ,"충청남도 천안시 동남구 구성6길 2, 1층 (구성동)",토프레소천안구성점,커피숍,,
254,영업/정상,041-548-0069,충청남도 천안시 서북구 불당동 1289번지 펜타포트 Mall B동 5층 ,"충청남도 천안시 서북구 공원로 196, 5층 (불당동, 펜타포트 Mall B동 )",버블톡(펜타포트점),커피숍,,
255,영업/정상,041 550 0183,충청남도 천안시 동남구 안서동 522번지 외133필지 치과대학및부속치과병원 1층 ,"충청남도 천안시 동남구 단대로 119, 1층 (안서동, 치과대학및부속치과병원)",새날카페치대병원점,커피숍,,
256,영업/정상,0507-1384-0036,충청남도 천안시 동남구 목천읍 운전리 535 1층 ,"충청남도 천안시 동남구 목천읍 종합휴양지3길 17, 1층",아나싸장,커피숍,,
257,영업/정상,0507-1386-0184,충청남도 천안시 서북구 백석동 1206번지 ,"충청남도 천안시 서북구 백석공단1로 10, 지1층 지원B128호 (백석동, 천안미래에이스하이테크시티)",카페0124,커피숍,,
258,영업/정상,0507-1320-7002,충청남도 천안시 동남구 봉명동 205-2번지 1층 ,"충청남도 천안시 동남구 양지15길 16, 1층 (봉명동)",페스티벌,커피숍,,
259,영업/정상,041 556 3495,"충청남도 천안시 동남구 청당동 552 1충 109호, 110호, 111호, 112호, 에이스법조타워 ","충청남도 천안시 동남구 청수14로 102, 1층 109호, 110호, 111호, 112호 (청당동)",스타벅스천안청당점,커피숍,,
260,영업/정상, 041 5791558,충청남도 천안시 동남구 봉명동 215-24번지 ,"충청남도 천안시 동남구 천안여상로 19, 1층 (봉명동)",더브농,커피숍,,
261,영업/정상,041-562-0002,충청남도 천안시 서북구 백석동 251번지 천안국민체육센타 1층 ,"충청남도 천안시 서북구 번영로 208, 천안국민체육센타동 1층 (백석동)",로티번,커피숍,,
262,영업/정상,041 572 7858,충청남도 천안시 서북구 성정동 625-3번지 ,"충청남도 천안시 서북구 동서대로 154, 1~2층 (성정동)",스타벅스천안성정디티점,커피숍,,
263,영업/정상, 041 5748485,충청남도 천안시 동남구 용곡동 481-25번지 ,"충청남도 천안시 동남구 새말1길 57-5, 1층 (용곡동)",택스처,커피숍,,
264,영업/정상,0507-1303-7856,충청남도 천안시 서북구 두정동 1310번지 ,"충청남도 천안시 서북구 두정상가8길 21, 1층 101호 (두정동)",3월의달콤함,커피숍,,
265,영업/정상,041 572 7209,충청남도 천안시 서북구 쌍용동 494-17번지 ,"충청남도 천안시 서북구 충무로 155, 2층 204,205호 (쌍용동)",리틀베베키즈카페,키즈카페,,
266,영업/정상,041-574-7779,충청남도 천안시 서북구 쌍용동 1168번지 ,"충청남도 천안시 서북구 미라3길 28, 1동 1층 (쌍용동)",토프레소쌍용점,커피숍,,
267,영업/정상,041-566-2206,"충청남도 천안시 동남구 청당동 155-6번지 외2필지, 1층 ","충청남도 천안시 동남구 남부대로 322, 1층 (청당동)",투썸플레이스천안청당마을점,커피숍,,
268,영업/정상,0507-1305-5013,충청남도 천안시 서북구 쌍용동 573번지 ,"충청남도 천안시 서북구 쌍용16길 66, 1층 (쌍용동)",빈트커피,커피숍,,
269,영업/정상,0507-1318-2939,충청남도 천안시 서북구 직산읍 모시리 237-15번지 ,"충청남도 천안시 서북구 직산읍 4산단7로 34, 1층",카페237,커피숍,,
270,영업/정상,041-523-5559,충청남도 천안시 서북구 두정동 74-11번지 외1필지 ,"충청남도 천안시 서북구 두정로 271, 1층 (두정동)",빽다방천안두정역점,커피숍,,
271,영업/정상,041 552 7894,충청남도 천안시 동남구 목천읍 삼성리 186 지하1층 ,"충청남도 천안시 동남구 목천읍 삼성5길 19, 지하1층",카페오슈오,커피숍,,
272,영업/정상, 041 5627577,충청남도 천안시 서북구 직산읍 양당리 216-10번지 ,"충청남도 천안시 서북구 직산읍 석양길 4, 1동 1층",(주)제이드림지점,커피숍,,
273,영업/정상,010-4232-7845,충청남도 천안시 서북구 불당동 1532번지 ,"충청남도 천안시 서북구 불당25로 178, 3층 302호 (불당동)",아이키친,커피숍,,
274,영업/정상,041 555 5767,충청남도 천안시 동남구 신부동 254-7번지 1층 ,"충청남도 천안시 동남구 단대로 120, 1층 (신부동)",부록하우스,커피숍,,
275,영업/정상,없음,충청남도 천안시 서북구 불당동 720번지 한나프라자 104호,"충청남도 천안시 서북구 검은들3길 38, 한나프라자 (불당동)",스위트박스천안불당점,커피숍,,
276,영업/정상,041 584 5272,충청남도 천안시 서북구 성거읍 문덕리 203-2번지 ,"충청남도 천안시 서북구 성거읍 봉주로 316, 1층",노아목공소카페,커피숍,,
277,영업/정상, 041 5608543,충청남도 천안시 동남구 안서동 268번지 호서대학교 1동 지하1층 ,"충청남도 천안시 동남구 호서대길 12 (안서동, 호서대학교 1동 지하1층)",캔두,커피숍,,
278,영업/정상,041-522-5833,충청남도 천안시 동남구 신부동 219-3번지 도림빌 ,"충청남도 천안시 동남구 단대로 123-8, 1층 (신부동, 도림빌)",단,커피숍,,
279,영업/정상,041 640 5611,충청남도 천안시 동남구 신부동 354-1번지 외61필지 6층 본관2동 ,"충청남도 천안시 동남구 만남로 43, 본관2동 6층 (신부동)",그리다꿈,커피숍,,
280,영업/정상, 041 5654103,충청남도 천안시 동남구 병천면 병천리 205-11 1동 1층 ,"충청남도 천안시 동남구 병천면 아우내순대길 38-5, 1동 1층",토프레소병천점,커피숍,,
281,영업/정상, 041 5641440,충청남도 천안시 동남구 병천면 병천리 168-18 외1필지 ,충청남도 천안시 동남구 병천면 아우내장터3길 4 (외1필지),커피본,커피숍,,
282,영업/정상,041 577 1177,"충청남도 천안시 동남구 신방동 1470번지 1,2층 ","충청남도 천안시 동남구 통정9로 43-10, 1,2층 (신방동)",알리바바천안점,커피숍,,
283,영업/정상,041-522-1098,충청남도 천안시 동남구 구성동 301-4번지 향목그라비스상가 105호,"충청남도 천안시 동남구 충절로 311, 105호 (구성동, 향목그라비스상가)",이디야커피천안구성동점,커피숍,,
284,영업/정상,041-558-0977,충남 천안시 서북구 성정2동 1522 학산리젠다빌2차 B동 101호,충남 천안시 서북구 동서대로 129-20 학산리젠다빌2차 B동 101호,더카페,커피숍,,
285,영업/정상,0507-1438-1073,충청남도 천안시 서북구 불당동 1648 ,"충청남도 천안시 서북구 불당31길 38, 1층 (불당동)",열매를맺다디저트부티크,커피숍,,
286,영업/정상,0507-1385-5233,충청남도 천안시 서북구 성정동 654-6 ,"충청남도 천안시 서북구 서부15길 18-1, 2층 (성정동)",비치,커피숍,,
287,영업/정상,0507-1311-3367,충청남도 천안시 서북구 불당동 1604번지 ,"충청남도 천안시 서북구 불당28길 24, 1층 (불당동)",제이스맨션,커피숍,,
288,영업/정상,041 561 3572,충청남도 천안시 서북구 불당동 1525번지 ,"충청남도 천안시 서북구 불당22대로 67, 101,102,103,104,105호 (불당동)",스타벅스천안시청점,커피숍,,
289,영업/정상,010-6382-3804,충청남도 천안시 동남구 신부동 459-8번지 2층 ,"충청남도 천안시 동남구 먹거리4길 11, 2층 (신부동)",카페와썹,커피숍,,
290,영업/정상,070 46172726,"충청남도 천안시 동남구 청당동 476번지 1층, 대전지방법원천안지원청사 ","충청남도 천안시 동남구 청수14로 77, 1층 (청당동, 대전지방법원천안지원청사)",도란도란커피천안지원,커피숍,,
291,영업/정상,041-554-5105,충청남도 천안시 서북구 두정동 945 ,"충청남도 천안시 서북구 두정로 187, 1층 101호 (두정동)",요거프레소두정중앙점,커피숍,,
292,영업/정상,041-522-4446,충남 천안시 동남구 영성동 85-3 정보석,충남 천안시 동남구 영성로 48 정보석,은하수,커피숍,,
293,영업/정상, 041 5666232,충청남도 천안시 동남구 신부동 466-1번지 ,"충청남도 천안시 동남구 먹거리11길 48, 1층 (신부동)",카페베네신부점1,커피숍,,
294,영업/정상, 041 5666232,충청남도 천안시 동남구 신부동 466-1번지 ,"충청남도 천안시 동남구 먹거리11길 48, 2층 (신부동)",카페베네신부점2,커피숍,,
295,영업/정상,041 588 7868,충청남도 천안시 서북구 입장면 가산리 361-7번지 ,"충청남도 천안시 서북구 입장면 연곡길 407, 19동 1층 (입장상휴게소)",(주)케이알산업입장상휴게소탐앤탐스,커피숍,,
296,영업/정상,041-562-6369,충청남도 천안시 서북구 차암동 436번지 ,"충청남도 천안시 서북구 3공단6로 58-5, 1층 119호 (차암동)",요거프레소차암점,커피숍,,
297,영업/정상, 041 5758868,충청남도 천안시 동남구 신방동 57-6번지 ,"충청남도 천안시 동남구 서부대로 245, 1층 (신방동)",타꼬박스,커피숍,,
298,영업/정상,0507-1307-5603,충청남도 천안시 동남구 유량동 210번지 1층 ,"충청남도 천안시 동남구 향교1길 85-24, 1층 (유량동)",카페바이서누,커피숍,,
299,영업/정상,041 556 9492,"충청남도 천안시 동남구 청당동 475번지 1층, 대전지방검찰청 천안지청 및 구치감동 ","충청남도 천안시 동남구 청수14로 67, 대전지방검찰청 천안지청 및 구치감동 1층 (청당동)",희망카페,커피숍,,
300,영업/정상,없음,충청남도 천안시 서북구 성정동 677-12 준빌딩 1동 ,"충청남도 천안시 서북구 백석로 235, 1동 1층 (성정동)",청자다방,커피숍,,
301,영업/정상,070-8614-9908,충청남도 천안시 서북구 쌍용동 1503번지 ,"충청남도 천안시 서북구 나사렛대길 22, 1층 (쌍용동)",라노체케이크,커피숍,,
302,영업/정상, 041 5601779,"충청남도 천안시 동남구 병천면 가전리 307번지 외4필지(131-7,173,689,699) ","충청남도 천안시 동남구 병천면 충절로 1600 (외4필지(131-7,173,689,699))",대즐커피숍,커피숍,,
303,영업/정상,041-551-6063,충청남도 천안시 동남구 안서동 467-5번지 ,"충청남도 천안시 동남구 천호지길 31, 1층 (안서동)",그래비티,커피숍,,
304,영업/정상,041 522 2366,충청남도 천안시 동남구 안서동 522번지 외 131필지 단국대학교 학생회관 330호,"충청남도 천안시 동남구 단대로 119, 3층 330호 (안서동, 단국대학교 학생회관)",이디야커피,커피숍,,
305,영업/정상,041 560 0714,충청남도 천안시 동남구 목천읍 남화리 230-1 독립기념관 1층 1동 ,"충청남도 천안시 동남구 목천읍 독립기념관로 1, 독립기념관 1동 겨레의집 1층",겨레의집카페,커피숍,,
306,영업/정상,041-578-4242,충청남도 천안시 동남구 신방동 1531번지 ,"충청남도 천안시 동남구 통정4로 8, 1층 (신방동)",세나클신방통정점,커피숍,,
307,영업/정상,0507-1306-0118,충청남도 천안시 서북구 불당동 1620번지 ,"충청남도 천안시 서북구 불당33길 18, 1층 (불당동)",엘커피,커피숍,,
308,영업/정상,0507-1380-0804,충청남도 천안시 서북구 쌍용동 804번지 ,"충청남도 천안시 서북구 쌍용대로 137, 3층 (쌍용동)",카페804,커피숍,,
309,영업/정상,없음,충청남도 천안시 동남구 신부동 466-7 1층 ,"충청남도 천안시 동남구 먹거리8길 43, 1층 (신부동)",카페앤젤라,커피숍,,
310,영업/정상,041 585 4200,"충청남도 천안시 동남구 목천읍 교천리 211-1번지 외 8필지, 아름다운관광농원, 2동 2층 ","충청남도 천안시 동남구 목천읍 교천지산길 175, 아름다운관광농원 2동 2층",아름다운정원화수목,커피숍,,
311,영업/정상,041 579 9659,"충청남도 천안시 동남구 신방동 276-2번지 외 1필지, A동 1층 ","충청남도 천안시 동남구 풍세로 656, A동 1층 (신방동)",문카페,커피숍,,
312,영업/정상,041 522 1303,충청남도 천안시 동남구 유량동 157-2번지 ,충청남도 천안시 동남구 양지말1길 11-2 (유량동),모임방,전통찻집,,
313,영업/정상,041-566-3133,"충청남도 천안시 동남구 안서동 467-11번지 1층 101호, 지하1층 B01호, B01-1호 ","충청남도 천안시 동남구 천호지길 17, 1층 101호, 지하1층 B01호, B01-1호 (안서동)",피플앤스토리,커피숍,,
314,영업/정상,041-553-3999,충청남도 천안시 서북구 두정동 68-1번지 센트하임프라자 309호 ,"충청남도 천안시 서북구 1공단1길 52 (두정동,센트하임프라자 309호)",김하경의커피볶는집,커피숍,,
315,영업/정상,041-585-5277,충청남도 천안시 서북구 성환읍 성환리 449-98 ,"충청남도 천안시 서북구 성환읍 성환1로 236, 1층",배스킨라빈스천안성환점,커피숍,,
316,영업/정상, 041 5556641,충청남도 천안시 동남구 청당동 865번지 ,"충청남도 천안시 동남구 청수10길 17, 1층 (청당동)",로아,커피숍,,
317,영업/정상,0507-1335-4867,충청남도 천안시 동남구 봉명동 207-1번지 101호,"충청남도 천안시 동남구 봉명로 46, 1층 101호 (봉명동)",피그말리온,커피숍,,
318,영업/정상, 041 6220131,충청남도 천안시 동남구 대흥동 123-3번지 ,"충청남도 천안시 동남구 대흥로 237, 1층 (대흥동)",헬로커피,커피숍,,
319,영업/정상,041 557 6207,충청남도 천안시 동남구 성남면 용원리 710번지 ,"충청남도 천안시 동남구 성남면 종합휴양지로 185, 2층 (천안예술의전당)",카페테리아예,커피숍,,
320,영업/정상,0505-3237-5499,충청남도 천안시 서북구 쌍용동 1651번지 ,"충청남도 천안시 서북구 월봉5길 4, 1층 (쌍용동)",무궁화블라썸,커피숍,,
321,영업/정상,070-7576-2882,충청남도 천안시 동남구 병천면 가전리 299-4번지 1층 ,"충청남도 천안시 동남구 병천면 충절로 1544, 1층",이도로에커피,커피숍,,
322,영업/정상,041 566 7377,충청남도 천안시 서북구 불당동 1537번지 ,"충청남도 천안시 서북구 불당21로 67-12, 6층 606호 (불당동)",미라클요가미니카페,커피숍,,
323,영업/정상,0507-1460-1911,"충청남도 천안시 동남구 신부동 472-9번지 외1필지, 2동 1층 ","충청남도 천안시 동남구 충절로 26, 2동 1층 (신부동)",지로스터커피,커피숍,,
324,영업/정상,041 523 9593,충청남도 천안시 서북구 차암동 435번지 천안비즈타워 ,"충청남도 천안시 서북구 3공단6로 58-8, 천안비즈타워 3층 301,302호 (차암동)",해피누리,키즈카페,,
325,영업/정상,041-566-5227,충청남도 천안시 서북구 백석동 1174번지 ,"충청남도 천안시 서북구 한들3로 35-5, 1층 (백석동)",메가엠지씨커피천안백석점,커피숍,,
326,영업/정상,0507-1330-0926,충청남도 천안시 서북구 백석동 572-10번지 ,"충청남도 천안시 서북구 음봉로 861-63, 1층 (백석동)",멜번커피하우스,커피숍,,
327,영업/정상,041-904-7774,충청남도 천안시 서북구 불당동 1289번지 펜타포트 ,"충청남도 천안시 서북구 공원로 196, Mall B동 1층 (불당동, 펜타포트)",커피그래비티모다아울렛점,커피숍,,
328,영업/정상,없음,충청남도 천안시 동남구 삼룡동 137-1번지 2층 ,"충청남도 천안시 동남구 무남길 10, 2층 (삼룡동)",고구려,커피숍,,
329,영업/정상,041 906 8777,충청남도 천안시 서북구 백석동 1206번지 ,"충청남도 천안시 서북구 백석공단1로 10, 2층 231호 (백석동)",카페최블리,커피숍,,
330,영업/정상,0507-1302-0739,충청남도 천안시 동남구 대흥동 79-4 2층 ,"충청남도 천안시 동남구 은행길 5-4, 2층 (대흥동)",앙두,커피숍,,
331,영업/정상,041 552 8221,충청남도 천안시 동남구 신부동 379번지 1동 2층 ,"충청남도 천안시 동남구 먹거리3길 21, 1동 2층 (신부동)",소셜스낵,커피숍,,
332,영업/정상,0507-1310-6687,충청남도 천안시 서북구 불당동 1671번지 ,"충청남도 천안시 서북구 불당31길 19, 1층 (불당동)",공감,커피숍,,
333,영업/정상,041-564-1282,충청남도 천안시 서북구 불당동 918번지 ,"충청남도 천안시 서북구 불당2길 34-2, 1층 (불당동)",체타델피오레,커피숍,,
334,영업/정상,0507-1348-3555,충청남도 천안시 서북구 백석동 148-63 ,"충청남도 천안시 서북구 백석로 85-1, 다솜빌 F동 1층 (백석동)",스윗팟,커피숍,,
335,영업/정상,없음,충청남도 천안시 서북구 불당동 1400 ,"충청남도 천안시 서북구 불당15길 20-1, 1층 (불당동)",바움,커피숍,,
336,영업/정상,041 585 4200,"충청남도 천안시 동남구 목천읍 교천리 211-1번지 아름다운관광농원 8동 1층, 2층 ","충청남도 천안시 동남구 목천읍 교천지산길 175, 아름다운관광농원 8동 1층, 2층",아름다운정원화수목,커피숍,,
337,영업/정상,없음,충청남도 천안시 동남구 수신면 속창리 127-9번지 1층 ,"충청남도 천안시 동남구 수신면 수신로 437, 1층",다나우토바병천점,커피숍,,
338,영업/정상,041-552-1544,충청남도 천안시 서북구 불당동 1544번지 천안불당지웰시티푸르지오1단지 ,"충청남도 천안시 서북구 불당26로 80, 근린생활시설13동 1층 C103,C104호 (불당동, 천안불당지웰시티푸르지오1단지)",파스쿠찌천안신불당점,커피숍,,
339,영업/정상,041 555 0491,충청남도 천안시 동남구 유량동 237-13 1층 ,"충청남도 천안시 동남구 향교1길 114-4, 1층 (유량동)",양지커피,커피숍,,
340,영업/정상,0507-1307-2343,충청남도 천안시 서북구 불당동 1747 ,"충청남도 천안시 서북구 불당29길 11-2, 1층 (불당동)",겐트,커피숍,,
341,영업/정상,070-4415-9177,충청남도 천안시 서북구 성환읍 매주리 304-18번지 1층 ,"충청남도 천안시 서북구 성환읍 연암율금로 508, 1층",폰더커피,커피숍,,
342,영업/정상,041 906 8534,충청남도 천안시 서북구 백석동 1206번지 지원B134일부(조리장)사용 ,"충청남도 천안시 서북구 백석공단1로 10, 천안미래에이스하이테크시티 지1층 지원B133,B134호 (백석동)",커피가좋은날,커피숍,,
343,영업/정상,041 555 3232,"충청남도 천안시 동남구 청당동 494번지 1층 101호, 102호 ","충청남도 천안시 동남구 청수11로 13-21, 1층 101호, 102호 (청당동)",이디야커피천안청당동점,커피숍,,
344,영업/정상,041 567 2737,충청남도 천안시 서북구 불당동 1537-1번지 ,"충청남도 천안시 서북구 불당21로 71, 정석프라자3차 1층 117호 (불당동)",빽다방천안불당정석점,커피숍,,
345,영업/정상,0507-1337-8839,충청남도 천안시 서북구 쌍용동 1376번지 1층 ,"충청남도 천안시 서북구 쌍용13길 19, 1층 (쌍용동)",카페리비에르,커피숍,,
346,영업/정상,041-569-4005,충청남도 천안시 서북구 불당동 1491번지 ,"충청남도 천안시 서북구 불당23로 73-27, 1층 111호 (불당동)",메가커피,커피숍,,
347,영업/정상,041-522-3334,충남 천안시 서북구 불당동 1614 1층 F101호 신불당 리차드헤어 건너편,충남 천안시 서북구 불당26로 50 1층 F101호 신불당 리차드헤어 건너편,공차천안신불당점,커피숍,,
348,영업/정상,041 581 1000,충청남도 천안시 서북구 직산읍 부송리 40-1번지 ,"충청남도 천안시 서북구 직산읍 부송1길 7, 나동 1층 104,105호",티카페,커피숍,,
349,영업/정상,0507-1306-5742,충청남도 천안시 서북구 성정동 627-3번지 ,"충청남도 천안시 서북구 서부19길 28, 1동 1층 (성정동)",구름솜,커피숍,,
350,영업/정상,070-7576-1475,충남 천안시 동남구 신부동 224-23,"충청남도 천안시 동남구 단대로 119, 단국대학교 통학버스승차대기실 2층 (안서동)",탐앤탐스천안단국대호수점,커피숍,,
351,영업/정상,0507-1311-8245,충청남도 천안시 서북구 직산읍 신갈리 101-23 ,"충청남도 천안시 서북구 직산읍 4산단로 255, 1층",길목커피,커피숍,,
352,영업/정상,041 621 4797,충청남도 천안시 서북구 불당동 1841 ,"충청남도 천안시 서북구 불당34길 14, 에이스침대불당점 4층 (불당동)",카레클린트천안점,커피숍,,
353,영업/정상,041-587-9992,충청남도 천안시 서북구 직산읍 삼은리 76-541번지 ,"충청남도 천안시 서북구 직산읍 삼은2길 17, 1층",순수커피천안점,커피숍,,
354,영업/정상,0507-1473-3368,충청남도 천안시 서북구 불당동 1487 ,"충청남도 천안시 서북구 불당25로 192, 골든프라자2 1층 125호 (불당동)",에그박스불당점,커피숍,,
355,영업/정상,0507-1420-8440,"충남 천안시 서북구 차암동 436 1층 105호 (차암동,커피베이)","충남 천안시 서북구 3공단6로 58-5 1층 105호 (차암동,커피베이)",커피베이차암동점,커피숍,,
356,영업/정상,070 40452225,충청남도 천안시 동남구 청당동 486 1층 ,"충청남도 천안시 동남구 청수14로 66, 1층 (청당동)",카페반디나무,커피숍,,
357,영업/정상,041-577-6416,충남 천안시 동남구 신방동 920 초원아파트상가1동119호,충남 천안시 동남구 신촌4로 16,커피랑,커피숍,,
358,영업/정상,041 521 9024,충청남도 천안시 서북구 부대동 275 공주대학교천안공과대학 ,"충청남도 천안시 서북구 천안대로 1223-24, 공주대학교천안공과대학제10공학관 2층 (부대동)",공주대학교공과대학커피전문점클라우드9,커피숍,,
359,영업/정상,041 576 3647,충청남도 천안시 서북구 쌍용동 254번지 ,"충청남도 천안시 서북구 서부대로 405, 1,2층 (쌍용동)",스타벅스천안서부대로디티점,커피숍,,
360,영업/정상,041-566-5085,충청남도 천안시 동남구 신부동 454-5번지 4~5층 ,"충청남도 천안시 동남구 만남로 26, 4~5층 (신부동)",할리스커피천안신부점,커피숍,,
361,영업/정상,041-568-2737,충청남도 천안시 서북구 성정동 1120번지 세창빌딩 ,"충청남도 천안시 서북구 서부대로 702, 세창빌딩 1층 (성정동)",이디야커피천안성정점,커피숍,,
362,영업/정상,041 522 1435,충청남도 천안시 동남구 원성동 470-9 1층 ,"충청남도 천안시 동남구 충절로 113, 1층 (원성동)",소이,커피숍,,
363,영업/정상,0507-1326-1682,충청남도 천안시 동남구 문화동 168-7번지 1층 ,"충청남도 천안시 동남구 영성로 99, 1층 (문화동)",카페미드바르,커피숍,,
364,영업/정상,041 555 7050,충청남도 천안시 동남구 청당동 485 1층 106호,"충청남도 천안시 동남구 청수14로 68, 1층 106호 (청당동)",메가엠지씨커피천안법조타운점,커피숍,,
365,영업/정상,041-566-3938,충청남도 천안시 서북구 불당동 1491번지 ,"충청남도 천안시 서북구 불당23로 73-27, 1층 107호 (불당동)",더벤티불당점,커피숍,,
366,영업/정상,064-4908-9124,충청남도 천안시 서북구 입장면 시장리 23-3번지 ,"충청남도 천안시 서북구 입장면 입장로 10, 1층",카페솔잎,커피숍,,
367,영업/정상,없음,충청남도 천안시 서북구 불당동 1769 ,"충청남도 천안시 서북구 불당30길 35, 1층 (불당동)",백금당천안점,커피숍,,
368,영업/정상,041-576-8500,충청남도 천안시 서북구 쌍용동 1955번지 대림프라자 ,"충청남도 천안시 서북구 월봉로 126, 대림프라자 1층 102호 (쌍용동)",메가엠지씨커피천안용암마을점,커피숍,,
369,영업/정상,0507-1309-7393,충청남도 천안시 서북구 성환읍 성환리 449-116번지 ,"충청남도 천안시 서북구 성환읍 성환1로 229-2, 2층",프라임버드넓은들카페,커피숍,,
370,영업/정상,0507-1362-1454,충청남도 천안시 동남구 병천면 병천리 173-4번지 1층 ,"충청남도 천안시 동남구 병천면 아우내순대길 35, 1층",이디야천안병천점,커피숍,,
371,영업/정상,041 523 3657,충청남도 천안시 서북구 불당동 1844번지 ,"충청남도 천안시 서북구 불당34길 4, 1,2층 (불당동)",스타벅스천안불당디티점,커피숍,,
372,영업/정상,070-4007-9527,충청남도 천안시 동남구 신부동 461-11번지 1층 ,"충청남도 천안시 동남구 먹거리11길 29, 1층 (신부동)",빠다미뇽,커피숍,,
373,영업/정상,0507-1380-8945,충청남도 천안시 서북구 불당동 1535-1번지 ,"충청남도 천안시 서북구 불당22대로 92, 1층 118호 (불당동)",모든디저트,커피숍,,
374,영업/정상,041-621-6163,충남 천안시 서북구 성정동 24-6 천안시장애인보호작업장,충남 천안시 서북구 축구센터로 204,천안시꽃밭,커피숍,,
375,영업/정상,없음,충청남도 천안시 서북구 부대동 275번지 공주대학교천안공과대학 ,"충청남도 천안시 서북구 천안대로 1223-24, 공주대학교천안공과대학학생생활관 1층 (부대동)",베이그,커피숍,,
376,영업/정상,0507-1323-6475,충청남도 천안시 서북구 성정동 743-5번지 ,"충청남도 천안시 서북구 봉정로 103, 1층 (성정동)",베리로찌,커피숍,,
377,영업/정상,0507-1335-0939,충청남도 천안시 서북구 불당동 928번지 ,"충청남도 천안시 서북구 불당11로 13, 1층 (불당동)",이디아커피불당동점,커피숍,,
378,영업/정상,0507-1343-0730,충남 천안시 서북구 불당동 1487 107호,충남 천안시 서북구 불당25로 192 107호,모드니까페,커피숍,,
379,영업/정상,041-554-2540,충청남도 천안시 동남구 안서동 107-11번지 1층 ,"충청남도 천안시 동남구 문암5길 23, 1층 (안서동)",요거프레소천안백석대점,커피숍,,
380,영업/정상,041 577 5853,충청남도 천안시 서북구 쌍용동 1727번지 ,"충청남도 천안시 서북구 월봉1길 54, 1층 (쌍용동)",웜,커피숍,,
381,영업/정상,041 558 3424,충청남도 천안시 서북구 성성동 508번지 삼성SDI(주) ,"충청남도 천안시 서북구 번영로 467, 삼성SDI 23-복지동 지하1층 (성성동)",주식회사메가마트삼성에스디아이복지동카페,커피숍,,
382,영업/정상,0507-1369-5345,충청남도 천안시 동남구 신부동 458-5번지 1층 ,"충청남도 천안시 동남구 먹거리8길 27-1, 1층 (신부동)",MRGT,커피숍,,
383,영업/정상,0507-1336-8802,충청남도 천안시 서북구 불당동 1662번지 ,"충청남도 천안시 서북구 불당31길 50, 1층 (불당동)",카페블레스롤천안신불당점,커피숍,,
384,영업/정상,041 577 6530,충청남도 천안시 서북구 성정동 1068번지 캐드디자인 ,"충청남도 천안시 서북구 개목4길 30, 1층 (성정동)",추억다방,커피숍,,
385,영업/정상,041 415 2009,충청남도 천안시 서북구 쌍용동 823번지 ,"충청남도 천안시 서북구 쌍용대로 119, 1동 1층 (쌍용동)",멜번커피하우스,커피숍,,
386,영업/정상,041-564-3651,충청남도 천안시 동남구 유량동 373번지 2동 1층 ,"충청남도 천안시 동남구 유량로 129, 2동 1층 (유량동)",로드웨이129,커피숍,,
387,영업/정상,0507-1329-2609,충청남도 천안시 서북구 성정동 1335번지 ,"충청남도 천안시 서북구 성정공원7길 3, 2층 202호 (성정동)",땡큐,커피숍,,
388,영업/정상,0507-1342-0556,충청남도 천안시 동남구 유량동 322-15번지 1층 ,"충청남도 천안시 동남구 유량로 187, 1층 (유량동)",포리빈,커피숍,,
389,영업/정상,0507-1312-4681,충청남도 천안시 서북구 직산읍 상덕리 446번지 ,"충청남도 천안시 서북구 직산읍 상덕로 253, 1층",상덕커피,커피숍,,
390,영업/정상,041-557-7775,충청남도 천안시 서북구 불당동 1834번지 ,"충청남도 천안시 서북구 불당34길 3-16, 1층 (불당동)",멜번커피하우스1,커피숍,,
391,영업/정상,041 567 5653,충청남도 천안시 서북구 성정동 1433번지 ,"충청남도 천안시 서북구 성정공원3길 14, 프라지움10차아파트 1층 105호 (성정동)",데이앤데이,커피숍,,
392,영업/정상,041 555 1587,충청남도 천안시 동남구 청당동 143-25번지 1층 ,"충청남도 천안시 동남구 청당2길 123, 1층 (청당동)",요거프레소천안청당점,커피숍,,
393,영업/정상,041-572-1545,충청남도 천안시 동남구 신방동 1545번지 1층 ,"충청남도 천안시 동남구 통정11로 49, 1층 (신방동)",메가엠지씨커피천안신방지구점,커피숍,,
394,영업/정상,041 575 2716,충청남도 천안시 서북구 불당동 1280번지 천안불당 시티프라디움 3차 ,"충청남도 천안시 서북구 공원로 176, 천안불당 시티프라디움 3차 3동 지하2층 B204호 (불당동)",메가엠지씨커피천안프라디움시티점,커피숍,,
395,영업/정상,070-5110-2443,충청남도 천안시 서북구 쌍용동 1485번지 1층 ,"충청남도 천안시 서북구 나사렛대길 25-1, 1층 (쌍용동)",제이마카롱,커피숍,,
396,영업/정상,041 574 2122,충청남도 천안시 동남구 신방동 1061번지 2층 ,"충청남도 천안시 동남구 통정12로 24, 2층 (신방동)",해피누리신방점,키즈카페,,
397,영업/정상,0507-1394-7274,충청남도 천안시 서북구 불당동 1463번지 천안불당엘에이치1단지 ,"충청남도 천안시 서북구 불당24로 9, 상가동 1층 106호 (불당동, 천안불당엘에이치1단지)",컴어라운드,커피숍,,
398,영업/정상,없음,충청남도 천안시 서북구 성성동 510번지 삼성전자(주)천안캠퍼스 ,"충청남도 천안시 서북구 번영로 465, 삼성디스플레이(주)천안사업장 LCD2동 1층 (성성동)",클라인,커피숍,,
399,영업/정상,없음,충청남도 천안시 동남구 원성동 534-5번지 1층 ,"충청남도 천안시 동남구 고재4길 55, 1층 (원성동)",커피까망콩,커피숍,,
400,영업/정상,0507-1337-2359,충청남도 천안시 서북구 쌍용동 794번지 ,"충청남도 천안시 서북구 봉서5길 13, 1층 (쌍용동)",엘로힘카페공방,커피숍,,
401,영업/정상,041 566 3828,충청남도 천안시 서북구 백석동 1047 e마트 ,"충청남도 천안시 서북구 삼성대로 20, 이마트천안서북점 1층 (백석동)",스타벅스천안서북이마트점,커피숍,,
402,영업/정상,041-575-4957,충청남도 천안시 동남구 용곡동 321-4번지 2층 ,"충청남도 천안시 동남구 용곡4길 4, 2층 (용곡동)",카페베네,커피숍,,
403,영업/정상,0507-1322-7497,충청남도 천안시 서북구 쌍용동 412-7번지 ,"충청남도 천안시 서북구 쌍용19로 35, 1층 (쌍용동)",카페하루,커피숍,,
404,영업/정상,010-5220-5453,충청남도 천안시 서북구 불당동 1614번지 천안불당지웰시티푸르지오2단지 ,"충청남도 천안시 서북구 불당26로 50, 8동 1층 G110호 (불당동, 천안불당지웰시티푸르지오2단지)",제이블라썸,커피숍,,
405,영업/정상,041-553-3339,충남 천안시 동남구 성남면 신사리 313-3 신사커피,"충청남도 천안시 동남구 성남면 신사대화로 139, 1층",신사커피,커피숍,,
406,영업/정상,041-417-1247,충청남도 천안시 동남구 청수동 350번지 1층 103호,"충청남도 천안시 동남구 청수6로 103, 1층 103호 (청수동)",카페그린,커피숍,,
407,영업/정상,041 556 1454,충청남도 천안시 서북구 성성동 686번지 ,"충청남도 천안시 서북구 성성8로 14-20, 1층 104,105호 (성성동)",이디야천안성성점,커피숍,,
408,영업/정상,041-588-9591,충청남도 천안시 서북구 입장면 하장리 44-38번지 ,"충청남도 천안시 서북구 입장면 입장시장2길 9, 1층",수다실,커피숍,,
409,영업/정상,041-555-7690,충청남도 천안시 동남구 성황동 23-3번지 동양 2층 ,"충청남도 천안시 동남구 성황8길 13, 동양 2층 (성황동)",더이스턴,커피숍,,
410,영업/정상,0507-1357-2026,충청남도 천안시 서북구 불당동 1540번지 골든프라자 ,"충청남도 천안시 서북구 불당25로 142, 골든프라자 1층 120호 (불당동)",봉달쥬스,커피숍,,
411,영업/정상,041 569 3717,충청남도 천안시 동남구 신부동 354-1 본관3동 2층 ,"충청남도 천안시 동남구 만남로 43, 본관3동 2층 (신부동)",스타벅스천안신부알점,커피숍,,
412,영업/정상,041 566 9192,충청남도 천안시 서북구 백석동 11-2 ,"충청남도 천안시 서북구 노태산로 21, 부속동 1층 (백석동)",카페앨리스,커피숍,,
413,영업/정상,0507-1303-6168,충청남도 천안시 동남구 청당동 491번지 1층 105호,"충청남도 천안시 동남구 청수4로 18, 1층 105호 (청당동)",던킨천안청수점,커피숍,,
414,영업/정상,070-4224-8080,충청남도 천안시 동남구 신부동 459-2번지 1~2층 ,"충청남도 천안시 동남구 먹거리10길 18, 1~2층 (신부동)",팔공티,커피숍,,
415,영업/정상,없음,충청남도 천안시 서북구 쌍용동 121-2번지 천안시쌍용도서관 ,"충청남도 천안시 서북구 월봉4로 153, 천안시쌍용도서관 지하1층 (쌍용동)",리드온,커피숍,,
416,영업/정상,041 558 2388,충청남도 천안시 동남구 신부동 354-1번지 본관2동 1층 ,"충청남도 천안시 동남구 만남로 43, 본관2동 1층 (신부동)",투썸플레이스천안터미널점,커피숍,,
417,영업/정상,0507-1344-0613,충청남도 천안시 서북구 성거읍 송남리 133-1번지 ,"충청남도 천안시 서북구 성거읍 망향로 510-32, 1층",이숲,커피숍,,
418,영업/정상,041 551 2019,충청남도 천안시 동남구 목천읍 신계리 170-5번지 1층 102호,"충청남도 천안시 동남구 목천읍 충절로 935-5, 1층 102호",커피향기카페,커피숍,,
419,영업/정상,0507-1333-5044,충청남도 천안시 서북구 직산읍 자은가리 89-8번지 ,"충청남도 천안시 서북구 직산읍 상덕로 87, 1층",상덕로87카페,커피숍,,
420,영업/정상,041-552-8088,충청남도 천안시 서북구 불당동 1540번지 골든프라자 ,"충청남도 천안시 서북구 불당25로 142, 골든프라자 1층 116호 (불당동)",팔공티,커피숍,,
421,영업/정상,041 572 8879,충청남도 천안시 서북구 성정동 646-9번지 태흥빌딩 ,"충청남도 천안시 서북구 서부16길 13, 1층 (성정동)",공간의미,커피숍,,
422,영업/정상,041-556-9985,충청남도 천안시 서북구 불당동 1421번지 중흥s-클래스 프라디움 ,"충청남도 천안시 서북구 광장로 231, 중흥s-클래스 프라디움 105동 지1층 106호 (불당동)",롱테이블,커피숍,,
423,영업/정상,041-578-9844,충청남도 천안시 서북구 쌍용동 830번지 ,"충청남도 천안시 서북구 봉서5길 1, 1층 (쌍용동)",메가커피,커피숍,,
424,영업/정상,041-579-2240,충청남도 천안시 동남구 신방동 784-9번지 홈플러스 ,"충청남도 천안시 동남구 신촌1길 23, 홈플러스 2층 (신방동)",카페판다천안신방점,커피숍,,
425,영업/정상,041-551-7799,충청남도 천안시 동남구 원성동 454-24번지 1층 ,"충청남도 천안시 동남구 원성4길 49-1, 1층 (원성동)",향솔원,커피숍,,
426,영업/정상,0507-1347-6623,충남 천안시 동남구 신방동 784-1 바동 2100호 ,충남 천안시 동남구 신촌로 24 바동 2100호,오조커피,커피숍,,
427,영업/정상,041-577-4890,충청남도 천안시 서북구 쌍용동 1854번지 세븐일레븐 ,충청남도 천안시 서북구 월봉7길 36 (쌍용동),라운디,커피숍,,
428,영업/정상,0507-1483-0105,충청남도 천안시 서북구 두정동 1620번지 성광빌딩 ,"충청남도 천안시 서북구 봉정로 382, 성광빌딩 1층 (두정동)",카페더주스,커피숍,,
429,영업/정상,010-6414-3042,충청남도 천안시 동남구 성남면 신사리 69-1번지 1층 ,"충청남도 천안시 동남구 성남면 신사3길 42-19, 1층",히든모먼츠,커피숍,,
430,영업/정상,041-567-6070,충청남도 천안시 동남구 안서동 447-29번지 1층 ,"충청남도 천안시 동남구 망향로 185, 1층 (안서동)",헤스티아,커피숍,,
431,영업/정상,0507-1317-3277,충청남도 천안시 동남구 신부동 296-10번지 힐스프라자 1층 101호 일부 ,"충청남도 천안시 동남구 단대로 40, 힐스프라자 1층 (신부동)",카페콘파나,커피숍,,
432,영업/정상,041 566 0701,충청남도 천안시 서북구 성정동 1451 두정메트로존 ,"충청남도 천안시 서북구 성정두정로 12, 메트로죤-1 1층 103호 (성정동)",공차천안성정점,커피숍,,
433,영업/정상,0507-1348-6232,충청남도 천안시 서북구 쌍용동 943번지 컴마트 ,"충청남도 천안시 서북구 미라2길 67, 1층 (쌍용동)",카페미라13,커피숍,,
434,영업/정상,0507-1349-2066,충청남도 천안시 서북구 성성동 849번지 ,"충청남도 천안시 서북구 성성6로 10, 투토빌딩 1층 104,105호 (성성동)",라이브커피로스터스,커피숍,,
435,영업/정상,070 75432763,충청남도 천안시 동남구 신부동 329-4 1층 101호,"충청남도 천안시 동남구 방죽안6길 37, 1층 101호 (신부동)",쿱스,커피숍,,
436,영업/정상,041 566 1103,충청남도 천안시 서북구 백석동 108번지 ,"충청남도 천안시 서북구 한들3로 30, 1동 1층 106,107호 (백석동)",이디야커피,커피숍,,
437,영업/정상,없음,충청남도 천안시 동남구 신방동 1472번지 1층 ,"충청남도 천안시 동남구 통정5로 29, 1층 (신방동)",몽야,커피숍,,
438,영업/정상,010-4000-6913,충청남도 천안시 동남구 신부동 382-5 ,"충청남도 천안시 동남구 먹거리6길 12, 1층 (신부동)",샐요일,커피숍,,
439,영업/정상,041 562 0369,충청남도 천안시 동남구 청당동 534번지 ,"충청남도 천안시 동남구 청수4로 10, 1층 106호 (청당동)",빽다방천안청당점,커피숍,,
440,영업/정상,0507-1475-8089,충청남도 천안시 동남구 청수동 351번지 1층 ,"충청남도 천안시 동남구 청수15길 35-31, 1층 (청수동)",팔공티청수점,커피숍,,
441,영업/정상,0507-1472-0400,충청남도 천안시 동남구 청당동 445번지 3층 ,"충청남도 천안시 동남구 광풍로 1873, 3층 (청당동)",어반트리스터디카페,커피숍,,
442,영업/정상,0507-1328-1764,충청남도 천안시 동남구 용곡동 257 1층 105호,"충청남도 천안시 동남구 용곡2길 95, 1층 105호 (용곡동)",뉴욕쟁이디저트눈들점,커피숍,,
443,영업/정상,041 567 3397,충청남도 천안시 동남구 신부동 461-1번지 천안문빌딩 ,"충청남도 천안시 동남구 만남로 28, 천안문빌딩 101호,102호 (신부동)",흑화당천안신부점,커피숍,,
444,영업/정상,없음,"충청남도 천안시 동남구 대흥동 30-7번지 천안지하도 및 상가 지하2층 226,288호 ","충청남도 천안시 동남구 버들로 지하 2, 천안지하도 및 상가 지하2층 226,288호 (대흥동)",깜언,커피숍,,
445,영업/정상,041 412 9980,충청남도 천안시 서북구 불당동 1299 갤러리아 센터시티 ,"충청남도 천안시 서북구 공원로 227, 지하1층 (불당동)",카페텀블러천안갤러리아센터시티점,커피숍,,
446,영업/정상,없음,충청남도 천안시 동남구 봉명동 477번지 1층 ,"충청남도 천안시 동남구 봉서4길 14, 1층 (봉명동)",CAFEM,커피숍,,
447,영업/정상,0507-1375-2121,충청남도 천안시 서북구 성정동 1486번지 롯데마트 성정점 ,"충청남도 천안시 서북구 성정두정로 1, 롯데마트 성정점 2층 (성정동)",컴포즈커피롯데마트성정점,커피숍,,
448,영업/정상,0507-1363-7410,충청남도 천안시 동남구 신부동 739번지 ,"충청남도 천안시 동남구 터미널1길 2, 1층 (신부동)",몬스터펫,커피숍,,
449,영업/정상,070-7576-4906,충청남도 천안시 동남구 삼룡동 475 1층 ,"충청남도 천안시 동남구 청수10길 4-89, 1층 (삼룡동)",475베이커리,커피숍,,
450,영업/정상,041-566-5004,충청남도 천안시 서북구 성성동 840 ,"충청남도 천안시 서북구 성성6로 7-32, 1층 (성성동)",토프레소천안성성점,커피숍,,
451,영업/정상,0507-1366-9335,충청남도 천안시 서북구 쌍용동 1732번지 ,"충청남도 천안시 서북구 월봉1길 54-6, 1층 (쌍용동)",카페온나,커피숍,,
452,영업/정상,0507-1323-5654,충청남도 천안시 서북구 백석동 877번지 ,"충청남도 천안시 서북구 백석4길 44, 1층 104호 (백석동)",빽다방천안백석점,커피숍,,
453,영업/정상,070 86777545,충청남도 천안시 서북구 성정동 1283번지 진영빌딩 ,"충청남도 천안시 서북구 성정공원6길 9-13, SM빌딩 1층 102호 (성정동)",링크아쿠아,커피숍,,
454,영업/정상,010-4250-0596,충청남도 천안시 서북구 백석동 1090번지 ,"충청남도 천안시 서북구 한들1로 142, 1층 (백석동)",바우하우스,커피숍,,
455,영업/정상,0507-1399-7197,충청남도 천안시 동남구 청수동 204-6 ,"충청남도 천안시 동남구 청수로 83, 1층 (청수동)",작가의서재,커피숍,,
456,영업/정상,0507-1375-8595,충청남도 천안시 동남구 신부동 464-8 ,"충청남도 천안시 동남구 먹거리9길 27, 2층 (신부동)",셧업앤댄스,커피숍,,
457,영업/정상,041-578-3107,충청남도 천안시 서북구 성정동 731-4번지 대정빌딩 ,"충청남도 천안시 서북구 봉정로 133, 1층 (성정동)",다연,커피숍,,
458,영업/정상,0507-1351-0426,충청남도 천안시 서북구 성환읍 성환리 643-6번지 ,"충청남도 천안시 서북구 성환읍 성환18길 1, 1층",온다,커피숍,,
459,영업/정상,041 555 4125,충청남도 천안시 서북구 성성동 685번지 ,"충청남도 천안시 서북구 성성8로 2-30, 1층 109호 (성성동)",메가엠지씨커피천안성성레이크타운점,커피숍,,
460,영업/정상,041-592-7771,충청남도 천안시 동남구 신방동 886-8번지 103호,"충청남도 천안시 동남구 서부대로 268, 103호 (신방동)",흑화당신방동점,커피숍,,
461,영업/정상,0507-1495-7201,충청남도 천안시 서북구 불당동 1548번지 천안불당 지웰더샵 ,"충청남도 천안시 서북구 불당26로 77, 상가동 지하1층 130호 (불당동, 천안불당 지웰더샵)",메가커피 천안불당지웰점,커피숍,,
462,영업/정상,041 523 3694,충청남도 천안시 서북구 두정동 71-13번지 ,"충청남도 천안시 서북구 두정로 264, 1,2층 (두정동)",스타벅스천안두정역디티점,커피숍,,
463,영업/정상,041 572 8668,충청남도 천안시 서북구 쌍용동 1660번지 ,"충청남도 천안시 서북구 월봉7길 54, 1층 (쌍용동)",글로베리아,커피숍,,
464,영업/정상,041 588 3800,충청남도 천안시 서북구 성환읍 성월리 56-1번지 ,"충청남도 천안시 서북구 성환읍 성진로 80-6, 1층",메가커피남서울대점,커피숍,,
465,영업/정상,010-8562-5920,충청남도 천안시 동남구 안서동 416 2층 ,"충청남도 천안시 동남구 문암로 94, 2층 (안서동)",피카플레이스,커피숍,,
466,영업/정상,041-553-9400,충남 천안시 서북구 불당동 1544 근린생활시설9동 천안불당지웰시티푸르지오1단지 1층 A1,"충청남도 천안시 서북구 불당26로 80, 근린생활시설9동 1층 A120호 (불당동, 천안불당지웰시티푸르지오1단지)",쉬즈베이글커피신불당점,커피숍,,
467,영업/정상,없음,충청남도 천안시 서북구 성정동 1524번지 ,"충청남도 천안시 서북구 성정공원1길 9-13, 12층 (성정동)",다온까페,커피숍,,
468,영업/정상,없음,충남 천안시 서북구 불당동 1289,충남 천안시 서북구 공원로 196,드롭탑 천안모다아울렛점,커피숍,,
469,영업/정상,010-8735-1137,충청남도 천안시 동남구 광덕면 광덕리 562-2번지 1동 ,"충청남도 천안시 동남구 광덕면 해수길 29, 1동",호랭이카페,커피숍,,
470,영업/정상,없음,충청남도 천안시 동남구 원성동 544-7 ,"충청남도 천안시 동남구 고재20길 11, 1층 (원성동)",JJ아트갤러리,커피숍,,
471,영업/정상,070 88651605,충청남도 천안시 서북구 두정동 1902번지 두정빌딩 ,"충청남도 천안시 서북구 두정고6길 11-8, 1층 (두정동)",빈아티팩트,커피숍,,
472,영업/정상,041 583 7003,충청남도 천안시 서북구 직산읍 삼은리 438-1번지 청운부동산 ,"충청남도 천안시 서북구 직산읍 봉주로 54, 1층",투썸플레이스직산점,커피숍,,
473,영업/정상,041-417-6957,충청남도 천안시 동남구 청당동 512번지 1층 103호,"충청남도 천안시 동남구 청수11로 16, 1층 103호 (청당동)",아임일리터,커피숍,,
474,영업/정상,0507-1325-6104,충청남도 천안시 동남구 대흥동 63-56 ,"충청남도 천안시 동남구 공설시장2길 9-2, 1층 (대흥동)",어거스트센트,커피숍,,
475,영업/정상,070-7543-7244,충청남도 천안시 서북구 두정동 1455번지 ,"충청남도 천안시 서북구 두정상가5길 23, 1층 (두정동)",피크닉타임,커피숍,,
476,영업/정상,010-7728-0727,충청남도 천안시 동남구 청당동 828 1층 ,"충청남도 천안시 동남구 청수7로 14-4, 1층 (청당동)",잇덴굿,커피숍,,
477,영업/정상,0507-1305-5632,충청남도 천안시 서북구 불당동 729번지 시티플러스 ,"충청남도 천안시 서북구 검은들3길 50, 시티플러스 1층 103호 (불당동)",팔공티,커피숍,,
478,영업/정상,0507-1436-0412,충청남도 천안시 서북구 성환읍 성환리 372-1번지 롯데리아 ,"충청남도 천안시 서북구 성환읍 성환2로 105, 1층",빽다방천안성환중앙점,커피숍,,
479,영업/정상,041 640 6311,충청남도 천안시 동남구 신부동 363-2 1층 ,"충청남도 천안시 동남구 만남로 43, 1층 (신부동)",공차천안고속터미널점,커피숍,,
480,영업/정상,041 585 8213,충청남도 천안시 서북구 입장면 신두리 42-69번지 ,"충청남도 천안시 서북구 입장면 율목길 17-4, 1층",두레앙카페,커피숍,,
481,영업/정상,0507-1479-3778,충청남도 천안시 동남구 목천읍 운전리 394-10번지 ,"충청남도 천안시 동남구 목천읍 동평1길 1-8, 1층",코끼리공장,커피숍,,
482,영업/정상,041-575-5756,충청남도 천안시 동남구 용곡동 321-4번지 ,"충청남도 천안시 동남구 용곡4길 4, 1층 (용곡동)",플레이원 휴게음식점,커피숍,,
483,영업/정상,0507-1360-5503,"충청남도 천안시 동남구 안서동 150-8 2층,3층 ","충청남도 천안시 동남구 각원사길 166, 2층,3층 (안서동)",지로스터,커피숍,,
484,영업/정상,010-8757-4231,충남 천안시 서북구 불당동 728 107호,충남 천안시 서북구 검은들3길 48 107호,달달한가,커피숍,,
485,영업/정상,041 909 1031,"충청남도 천안시 동남구 청당동 552번지 9층 910,911,912호 ","충청남도 천안시 동남구 청수14로 102, 9층 910,911,912호 (청당동)",버드소리천안점,커피숍,,
486,영업/정상,없음,충청남도 천안시 동남구 병천면 병천리 203-7번지 ,충청남도 천안시 동남구 병천면 충절로 1762,맛초떡복이,커피숍,,
487,영업/정상,041-571-2853,충청남도 천안시 동남구 신방동 251-2번지 101호,"충청남도 천안시 동남구 신방남부길 107, 101호 (신방동)",다올커피하우스,커피숍,,
488,영업/정상,없음,충청남도 천안시 동남구 성황동 51-2번지 ,"충청남도 천안시 동남구 대흥로 303-1, 1층 (성황동)",밀카천안점,커피숍,,
489,영업/정상,없음,충청남도 천안시 동남구 문화동 168-7번지 ,"충청남도 천안시 동남구 영성로 99, 1층 (문화동)",카페고즈넉,커피숍,,
490,영업/정상,010-4522-7111,충청남도 천안시 서북구 쌍용동 180-33번지 태인빌딩 ,"충청남도 천안시 서북구 쌍용14길 46-12, 1층 101일부호 (쌍용동)",잇덴굿,커피숍,,
491,영업/정상,0507-1380-0804,충청남도 천안시 서북구 쌍용동 804번지 ,"충청남도 천안시 서북구 쌍용대로 137, 1층 (쌍용동)",cafe804,커피숍,,
492,영업/정상,010-9438-0291,충청남도 천안시 동남구 풍세면 보성리 768번지 ,"충청남도 천안시 동남구 풍세면 풍세산단로 303, 1층",고마워서그래,커피숍,,
493,영업/정상,없음,충청남도 천안시 동남구 청당동 151번지 1층 ,"충청남도 천안시 동남구 남부대로 350, 1층 (청당동)",우리350카페,커피숍,,
494,영업/정상,010-3077-2720,충청남도 천안시 동남구 목천읍 서리 40-3번지 1층 ,"충청남도 천안시 동남구 목천읍 삼방로 181, 1층",더달콤,커피숍,,
495,영업/정상,0507-1310-7427,충청남도 천안시 동남구 북면 납안리 401-2번지 1층 ,"충청남도 천안시 동남구 북면 삼방로 1188-7, 1층",카페앤스토리소학동,커피숍,,
496,영업/정상,070 78413203,충청남도 천안시 서북구 성정동 841-1번지 ,"충청남도 천안시 서북구 도원1길 32-16, 1층 (성정동)",하이솜커피,커피숍,,
497,영업/정상,0507-1329-2574,충청남도 천안시 서북구 성환읍 매주리 505-1번지 ,"충청남도 천안시 서북구 성환읍 성환1로 89, 2동 1층",투데이카페,커피숍,,
498,영업/정상,없음,충청남도 천안시 서북구 성정동 674-8번지 ,"충청남도 천안시 서북구 서부12길 15-1, 1층 (성정동)",오늘,커피숍,,
499,영업/정상,0507-1338-2407,충청남도 천안시 동남구 청수동 281번지 1층 ,"충청남도 천안시 동남구 청수15길 6-6, 1층 (청수동)",아람플라워카페,커피숍,,
500,영업/정상,0507-1394-1990,충청남도 천안시 서북구 입장면 유리 189번지 ,"충청남도 천안시 서북구 입장면 연곡길 85, 1층",브루1990커피,커피숍,,
501,영업/정상,041-551-7790,충청남도 천안시 동남구 신부동 988번지 도솔노블시티 동문굿모닝힐 지하1층 상가1-1동 106호,"충청남도 천안시 동남구 신부8길 21, 상가1-1동 지하1층 106호 (신부동, 도솔노블시티 동문굿모닝힐)",셀렉토커피,커피숍,,
502,영업/정상,0507-1323-2111,충청남도 천안시 동남구 수신면 신풍리 180-2번지 1층 ,"충청남도 천안시 동남구 수신면 5산단로 237, 1층",그곳에커피향,커피숍,,
503,영업/정상,없음,충청남도 천안시 동남구 안서동 84-4번지 102호,"충청남도 천안시 동남구 문암로 162, 102호 (안서동)",마마트천안백석점,커피숍,,
504,영업/정상,010-4509-8959,충청남도 천안시 동남구 사직동 64번지 ,충청남도 천안시 동남구 작은재빼기길 16 (사직동),사랑이머무는카페,커피숍,,
505,영업/정상,0507-1356-5767,충청남도 천안시 서북구 불당동 1650번지 ,"충청남도 천안시 서북구 불당31길 34, 1층 (불당동)",부록하우스,커피숍,,
506,영업/정상,0507-1340-8933,충남 천안시 서북구 두정동 1179 한길프라자 B동 101호,충남 천안시 서북구 두정중11길 14 한길프라자 B동 101호,티앙웨이,커피숍,,
507,영업/정상,0507-1334-9697,충청남도 천안시 서북구 성정동 1345번지 프라지움7차 ,"충청남도 천안시 서북구 성정공원6길 37, 프라지움7차 1층 104호 (성정동)",에유,커피숍,,
508,영업/정상,041 551 4567,충청남도 천안시 동남구 안서동 385-4번지 ,"충청남도 천안시 동남구 문암로 70, 1층 (안서동)",공차천안백석대점,커피숍,,
509,영업/정상,0507-1351-1725,충청남도 천안시 동남구 성황동 35-1번지 ,"충청남도 천안시 동남구 복자1길 26, 1층 (성황동)",신박커피,커피숍,,
510,영업/정상,없음,충청남도 천안시 동남구 문화동 29-13번지 1층 ,"충청남도 천안시 동남구 문화로 22-2, 1층 (문화동)",문화동커피집,커피숍,,
511,영업/정상,070-7543-8529,충청남도 천안시 서북구 차암동 435-1번지 힐링j타워 ,"충청남도 천안시 서북구 3공단6로 50, 힐링j타워 3층 305일부호 (차암동)",아장아장베이비카페,키즈카페,,
512,영업/정상,0507-1350-1251,충청남도 천안시 동남구 삼룡동 411번지 1층 ,"충청남도 천안시 동남구 청수12로 33, 1층 (삼룡동)",버터레이어,커피숍,,
513,영업/정상,0507-1395-0111,충청남도 천안시 서북구 불당동 1824번지 ,"충청남도 천안시 서북구 불당34길 3-20, 솔(SOL)프라자II 3층 302호 (불당동)",가문비나무아래,커피숍,,
514,영업/정상,041-563-6588,충청남도 천안시 동남구 원성동 8-1번지 ,충청남도 천안시 동남구 향교1길 30 (원성동),라비갤러리카페,커피숍,,
515,영업/정상,010-6674-0716,충청남도 천안시 동남구 봉명동 209-6번지 ,"충청남도 천안시 동남구 봉명2길 23, 1층 (봉명동)",가루,커피숍,,
516,영업/정상,0507-1384-5030,"충청남도 천안시 서북구 성환읍 성환리 449-303번지 106,107 ","충청남도 천안시 서북구 성환읍 성환1로 243, 1층",카페달쥬,커피숍,,
517,영업/정상,041 566 7135,충청남도 천안시 동남구 구성동 151-13번지 1동 1층 ,"충청남도 천안시 동남구 해솔1길 21, 1동 1층 (구성동)",로건커피,커피숍,,
518,영업/정상,041 558 3832,충청남도 천안시 서북구 백석동 148-2번지 ,"충청남도 천안시 서북구 백석로 85-4, 1층 (백석동)",스타벅스천안백석점,커피숍,,
519,영업/정상,041-555-1697,충청남도 천안시 동남구 청당동 491번지 1층 101호,"충청남도 천안시 동남구 청수4로 18, 1층 101호 (청당동)",와플대학천안청당점,커피숍,,
520,영업/정상,041-552-3357,충청남도 천안시 서북구 불당동 1489번지 ,"충청남도 천안시 서북구 불당25로 208, 중원타워-1 1층 106,107호 (불당동)",공차천안불당파크점,커피숍,,
521,영업/정상,010-4963-9041,충청남도 천안시 동남구 안서동 379-43번지 지하1층 ,"충청남도 천안시 동남구 문암로 91-12, 지하1층 (안서동)",아이스바닐라라떼,커피숍,,
522,영업/정상,041-557-1003,충청남도 천안시 동남구 안서동 387-7번지 1층~2층 101호,"충청남도 천안시 동남구 문암로 62, 1~2층 101호 (안서동)",이디야커피백석대점,커피숍,,
523,영업/정상,010-9086-3030,충청남도 천안시 동남구 안서동 522번지 율곡기념도서관 1층 ,"충청남도 천안시 동남구 단대로 119, 율곡기념도서관 1층 (안서동)",이디야커피 단국대학생회관점,커피숍,,
524,영업/정상,041-522-0212,충청남도 천안시 서북구 두정동 926-1번지 초원주택 ,"충청남도 천안시 서북구 원두정8길 15, 1층 (두정동)",마농스,커피숍,,
525,영업/정상,041-909-3113,충청남도 천안시 동남구 안서동 318-97번지 1층 ,"충청남도 천안시 동남구 상명대길 28, 1층 (안서동)",매머드익스프레스천안상명대점,커피숍,,
526,영업/정상,0507-1325-9417,충청남도 천안시 동남구 신부동 387-92 ,"충청남도 천안시 동남구 중앙로 198, 1층 (신부동)",인올,커피숍,,
527,영업/정상,041-417-7391,충청남도 천안시 서북구 성환읍 성월리 63-1번지 ,"충청남도 천안시 서북구 성환읍 성진로 65, 1층",공차천안남서울대점,커피숍,,
528,영업/정상,070-8270-1227,충청남도 천안시 서북구 두정동 1283번지 ,"충청남도 천안시 서북구 두정상가1길 27, 1층 106호 (두정동)",카페담소,커피숍,,
529,영업/정상,041-522-5006,충청남도 천안시 동남구 청당동 154-1번지 ,"충청남도 천안시 동남구 남부대로 336, 1~2층 (청당동)",부에노,커피숍,,
530,영업/정상,041-902-9792,충청남도 천안시 동남구 영성동 141-2번지 ,"충청남도 천안시 동남구 원거리1길 3, 1층 (영성동)",띠아모,커피숍,,
531,영업/정상,070 49008755,충청남도 천안시 서북구 쌍용동 456번지 나사렛대학교 ,"충청남도 천안시 서북구 월봉로 48, 나사렛대학교자립통합형학습생활관 1층 (쌍용동)",카페바이올렛2호점,커피숍,,
532,영업/정상,0507-1449-1109,충청남도 천안시 동남구 신방동 951번지 1층 ,"충청남도 천안시 동남구 통정2길 11, 1층 (신방동)",인펄슨,커피숍,,
533,영업/정상,0507-1345-1868,충청남도 천안시 서북구 불당동 876 ,"충청남도 천안시 서북구 불당12길 22-7, 1층 (불당동)",라모르사랑을담아,커피숍,,
534,영업/정상,041-555-2713,충청남도 천안시 서북구 입장면 효계리 44번지 ,"충청남도 천안시 서북구 입장면 망향로 1094-22, 1층",토아빈,커피숍,,
535,영업/정상,010-7138-1358,충청남도 천안시 동남구 신방동 1591번지 1층 ,"충청남도 천안시 동남구 통정5로 108, 1층 (신방동)",네일앤커피,커피숍,,
536,영업/정상,0507-1384-1727,충청남도 천안시 동남구 신부동 456-8 1층 ,"충청남도 천안시 동남구 먹거리2길 6-1, 1층 (신부동)",연달,커피숍,,
537,영업/정상,041-555-9907,충청남도 천안시 동남구 유량동 104-6번지 ,"충청남도 천안시 동남구 유량로 282, 2층 (유량동)",뷰282,커피숍,,
538,영업/정상,0507-1365-9557,충청남도 천안시 동남구 신부동 647번지 101호,"충청남도 천안시 동남구 터미널4길 29, 1층 101호 (신부동)",제이델링,커피숍,,
539,영업/정상,0507-1335-2548,충청남도 천안시 동남구 원성동 470-4번지 ,"충청남도 천안시 동남구 원성1길 25, 1층 (원성동)",레드브릭125,커피숍,,
540,영업/정상,041-556-8082,충청남도 천안시 서북구 백석동 985번지 ,"충청남도 천안시 서북구 한들3로 55, 1층 (백석동)",팔공티백석점,커피숍,,
541,영업/정상,041 522 8579,충청남도 천안시 서북구 불당동 707번지 폴리프라자 ,"충청남도 천안시 서북구 검은들3길 25, 폴리프라자 1층 101호 (불당동)",과일707,커피숍,,
542,영업/정상,041-555-5942,충청남도 천안시 동남구 청당동 548-1번지 A동 110호,"충청남도 천안시 동남구 청수5로 4, A동 110호 (청당동)",아름청과카페,커피숍,,
543,영업/정상,0507-1314-1097,충청남도 천안시 서북구 두정동 1292번지 ,"충청남도 천안시 서북구 두정로 210, 1층 101호 (두정동)",브릴리언트,커피숍,,
544,영업/정상,0507-1489-1462,충청남도 천안시 동남구 신부동 324-19 ,"충청남도 천안시 동남구 방죽안2길 14, 1층 (신부동)",풀떼기커피,커피숍,,
545,영업/정상,041 571 5115,충청남도 천안시 동남구 용곡동 465-27번지 ,"충청남도 천안시 동남구 일봉로 87-24, 1층 (용곡동)",마법의커피,커피숍,,
546,영업/정상,041-566-8828,충청남도 천안시 동남구 유량동 82-8번지 ,"충청남도 천안시 동남구 양지말2길 61, 2층 (유량동)",숲속의문,커피숍,,
547,영업/정상,041-552-8988,충청남도 천안시 서북구 불당동 1539번지 ,"충청남도 천안시 서북구 불당25로 138, 선우프라자 1층 118호 (불당동)",우주라이크불당점,커피숍,,
548,영업/정상,041-554-7177,충청남도 천안시 서북구 불당동 1494번지 천안불당파크푸르지오 2단지 ,"충청남도 천안시 서북구 불당26로 122, 근린생활시설3동 지하1층 108(일부)호 (불당동, 천안불당파크푸르지오 2단지)",홍루이젠불당점,커피숍,,
549,영업/정상,041 522 0059,충청남도 천안시 동남구 원성동 562-1번지 ,"충청남도 천안시 동남구 원거리11길 46, 1층 (원성동)",야간커피점품,커피숍,,
550,영업/정상,010-4245-4335,충청남도 천안시 동남구 오룡동 8번지 ,"충청남도 천안시 동남구 옛시청길 18, 1층 (오룡동)",인더갤러리,커피숍,,
551,영업/정상,0507-1322-7421,충청남도 천안시 서북구 불당동 1542-1번지 엘림프라자 1층 108호,"충청남도 천안시 서북구 불당21로 67-21, 엘림프라자 1층 108호 (불당동)",쿼티커피로스터스,커피숍,,
552,영업/정상,010-2968-3870,충청남도 천안시 서북구 쌍용동 1156 ,"충청남도 천안시 서북구 미라8길 26, 2층 (쌍용동)",순복,커피숍,,
553,영업/정상,0507-1393-6779,충청남도 천안시 동남구 구룡동 526 C동 1층 ,"충청남도 천안시 동남구 광풍로 1725, C동 1층 (구룡동)",구룡카페호두과자,커피숍,,
554,영업/정상,041-587-1005,충청남도 천안시 서북구 입장면 하장리 49-5 1층 ,"충청남도 천안시 서북구 입장면 하장4길 11, 1층",라떼떼커피베이글입장1점,커피숍,,
555,영업/정상,041-571-1004,충청남도 천안시 서북구 성정동 361 2~4층 ,"충청남도 천안시 서북구 세관길 78, 2,3,4층 (성정동)",오월의숲커피팩토리,커피숍,,
556,영업/정상,041-562-4945,충청남도 천안시 동남구 삼룡동 332-1 5층 ,"충청남도 천안시 동남구 천안대로 361, 5층 (삼룡동)",우연히그곳,커피숍,,
557,영업/정상,없음,충청남도 천안시 서북구 백석동 1007번지 백석계룡리슈빌아파트 ,"충청남도 천안시 서북구 한들3로 107, 상가동 1층 103호 (백석동, 백석계룡리슈빌아파트)",헬기카페,커피숍,,
558,영업/정상,0507-1362-5245,충청남도 천안시 동남구 병천면 병천리 278-5 1층 ,"충청남도 천안시 동남구 병천면 병천1로 65, 1층",오이예커피,커피숍,,
559,영업/정상,070-4647-1336,충청남도 천안시 동남구 구성동 472-2 주건축물제4동 1층 ,"충청남도 천안시 동남구 구성12길 9, 주건축물제4동 1층 (구성동)",사옥카페,커피숍,,
560,영업/정상,010-5640-9389,충청남도 천안시 서북구 백석동 957번지 ,"충청남도 천안시 서북구 한들3로 78-9, 1층 (백석동)",카롱카롱,커피숍,,
561,영업/정상,041 523 3222,충청남도 천안시 서북구 백석동 1059번지 ,"충청남도 천안시 서북구 한들1로 157, 천안 마치애비뉴Ⅳ 1층 141.142.143.144호 (백석동)",키존빌리지천안점,키즈카페,,
562,영업/정상,041-556-6559,충청남도 천안시 동남구 삼룡동 146-28번지 ,"충청남도 천안시 동남구 충절로 437, 1층 (삼룡동)",아시나요,커피숍,,
563,영업/정상,070-7458-7072,충청남도 천안시 동남구 삼룡동 330-35번지 ,"충청남도 천안시 동남구 천안대로 360, 2동 2층 (삼룡동)",카페하인츠삼거리점,커피숍,,
564,영업/정상,041-575-7391,충청남도 천안시 동남구 신방동 49-33번지 ,"충청남도 천안시 동남구 서부대로 227, 1층 (신방동)",공차천안신방중앙점,커피숍,,
565,영업/정상,010-2936-3316,충청남도 천안시 동남구 대흥동 30-7 200호,충청남도 천안시 동남구 버들로 2 200호,달콤팩토리,커피숍,,
566,영업/정상,0507-1374-5210,충청남도 천안시 동남구 청당동 548-1번지 117호,"충청남도 천안시 동남구 청수5로 4, 1층 117호 (청당동)",공차천안청수점,커피숍,,
567,영업/정상,0507-1403-0611,충청남도 천안시 서북구 두정동 119번지 문장교회 ,"충청남도 천안시 서북구 두정역길 2, 1층 (두정동)",몽글,커피숍,,
568,영업/정상,없음,충청남도 천안시 동남구 광덕면 매당리 356번지 1층 ,"충청남도 천안시 동남구 광덕면 광풍로 1023, 1층",찬미카페,커피숍,,
569,영업/정상,041 417 7050,충청남도 천안시 서북구 성성동 40-15 ,"충청남도 천안시 서북구 성성4길 53, 지하1층,1,2,층 B101~B104,101,102,201호 (성성동)",(주)에스디인터내셔날나인블럭레이크업성천안점,커피숍,,
570,영업/정상,041 622 6868,충청남도 천안시 서북구 불당동 1545 천안불당린스트라우스1단지 ,"충청남도 천안시 서북구 불당19로 95, 상가동 지하2층 118호 (불당동, 천안불당린스트라우스1단지)",오르빗,커피숍,,
571,영업/정상,041 577 1987,충청남도 천안시 서북구 성정동 625-1번지 제일카센타 ,"충청남도 천안시 서북구 동서대로 150, 가동 1층 (성정동)",로건커피성정점,커피숍,,
572,영업/정상,0507-1309-9672,충청남도 천안시 서북구 불당동 1314번지 ,"충청남도 천안시 서북구 불당16길 25, 1층 (불당동)",뮤즈드카페,커피숍,,
573,영업/정상,070-8833-2958,충청남도 천안시 동남구 삼룡동 479 1층 ,"충청남도 천안시 동남구 청수10길 44, 1층 (삼룡동)",카페소도,커피숍,,
574,영업/정상,0507-1323-2305,충청남도 천안시 서북구 불당동 1632 ,"충청남도 천안시 서북구 불당33길 48, 1층 101호 (불당동)",셀렉토커피천안신불당점,커피숍,,
575,영업/정상,041-571-1206,충청남도 천안시 서북구 쌍용동 901 ,"충청남도 천안시 서북구 서부대로 446, 1.2층 (쌍용동)",숨어반,커피숍,,
576,영업/정상,없음,충청남도 천안시 서북구 성정동 729-6번지 ,"충청남도 천안시 서북구 성정로 91, 1층 (성정동)",카페프리모,커피숍,,
577,영업/정상,0507-1436-7378,충청남도 천안시 서북구 두정동 1291 ,"충청남도 천안시 서북구 두정로 208, 3층 (두정동)",랭스터디카페천안두정점,커피숍,,
578,영업/정상,1522-3232,충청남도 천안시 서북구 성성동 45-16 ,"충청남도 천안시 서북구 업성수변로 69, 1,2층 (성성동)",스타벅스천안업성레이크점,커피숍,,
579,영업/정상,0507-1354-0316,충청남도 천안시 동남구 신방동 1394 ,"충청남도 천안시 동남구 통정8로 21-15, 1층 (신방동)",베데스다,커피숍,,
580,영업/정상,0507-1467-2204,충청남도 천안시 서북구 성정동 657-10 ,"충청남도 천안시 서북구 서부16길 36, 1층 (성정동)",날쌘카페천안성정점,커피숍,,
581,영업/정상,041-522-1806,충남 천안시 서북구 두정동 944,충남 천안시 서북구 원두정3길 37,라피스커피,커피숍,,
582,영업/정상,0507-1482-8007,충청남도 천안시 동남구 신방동 1121 102호,"충청남도 천안시 동남구 통정1로 38-14, 102호 (신방동)",카페1994,커피숍,,
583,영업/정상,0507-1356-2387,충청남도 천안시 서북구 성성동 665 ,"충청남도 천안시 서북구 성성8로 14-4, 미주타워 1층 106호 (성성동)",징구쥬스,커피숍,,
584,영업/정상,041-566-5056,충남 천안시 서북구 불당동 1492 불당파크푸르지오 상가 1-106호 불당파크푸르지오 1단지 상가 1동 106호,충남 천안시 서북구 불당26로 144 불당파크푸르지오 1단지 상가 1동 106호,와이블랙,커피숍,,
585,영업/정상,010-9950-6729,충청남도 천안시 동남구 대흥동 89-2 ,"충청남도 천안시 동남구 명동길 55, 1층 (대흥동)",카페수리,커피숍,,
586,영업/정상,0507-1416-1578,충남 천안시 서북구 두정동 708,충남 천안시 서북구 오성9길 36,커피베이천안두정동점,커피숍,,
587,영업/정상,041-551-0201,충남 천안시 서북구 성거읍 저리 57-25,충남 천안시 서북구 성거읍 성거길 123,이디야천안성거길점,커피숍,,
588,영업/정상,070-7543-7791,충청남도 천안시 서북구 두정동 904 ,"충청남도 천안시 서북구 원두정10길 3, 4층 401호 (두정동)",카페안,커피숍,,
589,영업/정상,0507-1330-9372,충남 천안시 서북구 불당동 1544 근린생활시설 5동 A112호,"충청남도 천안시 서북구 불당26로 80, 근린생활시설5동 1층 A112호 (불당동, 천안불당지웰시티푸르지오1단지)",다쿠즈,커피숍,,
590,영업/정상,없음,충청남도 천안시 동남구 안서동 234-12 ,"충청남도 천안시 동남구 각원사길 64, 1층 (안서동)",공차천안안서점,커피숍,,
591,영업/정상, 041 6225545,충청남도 천안시 동남구 신방동 1528 1층 ,"충청남도 천안시 동남구 통정10로 29, 1층 (신방동)",디저트메이,커피숍,,
592,영업/정상,0507-1347-9957,충남 천안시 서북구 불당동 1466 상가동 카페 마마830,"충청남도 천안시 서북구 불당24로 37, 상가동 1층 102호 (불당동, 천안불당금호어울림)",마마830,커피숍,,
593,영업/정상,0507-1342-0723,충청남도 천안시 서북구 성성동 674 ,"충청남도 천안시 서북구 성성8로 4, 1층 107호 (성성동)",우주라이크커피성성점,커피숍,,
594,영업/정상,0507-1418-8555,충남 천안시 서북구 불당동 1126 다리타운빌딩 1층,충남 천안시 서북구 불당5길 19 다리타운빌딩 1층,프레빈스커피,커피숍,,
595,영업/정상,0507-1356-1767,충청남도 천안시 동남구 신방동 1561 ,"충청남도 천안시 동남구 통정5로 95-16, 1층 (신방동)",능수커피,커피숍,,
596,영업/정상,0507-1458-2009,충청남도 천안시 서북구 성정동 682-11 ,"충청남도 천안시 서북구 서부3길 5, 1층 (성정동)",프로피랩,커피숍,,
597,영업/정상,0507-1404-7704,충청남도 천안시 동남구 신방동 1532 1층 ,"충청남도 천안시 동남구 통정4로 10, 1층 (신방동)",빽다방천안신방점,커피숍,,
598,영업/정상,0507-1343-4140,충청남도 천안시 서북구 불당동 1724 ,"충청남도 천안시 서북구 불당29길 46, 1층 (불당동)",해피스,커피숍,,
599,영업/정상,0507-1310-9405,충청남도 천안시 동남구 신부동 472-9 ,"충청남도 천안시 동남구 충절로 26, 1동 1층 (신부동)",카페라이더,커피숍,,
600,영업/정상,0507-1329-4128,충남 천안시 서북구 백석동 906 천안천성교회,"충청남도 천안시 서북구 시청로 172, 천안천성교회 지하1층 (백석동)",이음,커피숍,,
601,영업/정상,041 576 2530,충청남도 천안시 서북구 쌍용동 1149 쌍봉빌딩 ,"충청남도 천안시 서북구 미라7길 26, 1층 (쌍용동)",카페라이더,커피숍,,
602,영업/정상,070-8181-0515,충청남도 천안시 동남구 북면 사담리 208-38 ,"충청남도 천안시 동남구 북면 위례성로 865-11, 3동 1층",유림당,커피숍,,
603,영업/정상,041 581 9384,충청남도 천안시 서북구 성환읍 성환리 413-34 ,"충청남도 천안시 서북구 성환읍 성환3로 24, 1층",안김,커피숍,,
604,영업/정상,070-7757-9527,충청남도 천안시 서북구 두정동 939 ,"충청남도 천안시 서북구 원두정9길 17, 1층 (두정동)",빠다미뇽,커피숍,,
605,영업/정상,070 87774560,충청남도 천안시 서북구 두정동 606 부경아파트 ,"충청남도 천안시 서북구 늘푸른1길 19, 105동 1층 106호 (두정동, 부경아파트)",커피서당,커피숍,,
606,영업/정상,010-8253-0873,충청남도 천안시 서북구 두정동 91-13 ,"충청남도 천안시 서북구 천안대로 999-10, 1층 (두정동)",카페낮엔,커피숍,,
607,영업/정상,0507-1311-6605,충남 천안시 서북구 쌍용동 1539 토평빌딩 1층,충남 천안시 서북구 월봉로 93 토평빌딩 1층,메가엠지씨커피천안나사렛대점,커피숍,,
608,영업/정상,0507-1353-4767,충남 천안시 서북구 불당동 1492 근린생활시설3동 지1층 3-109 호,충남 천안시 서북구 불당26로 144 근린생활시설3동 지1층 3-109 호,푸푸커피천안신불당점,커피숍,,
609,영업/정상,0507-1460-0877,충청남도 천안시 서북구 성거읍 신월리 371-1 ,"충청남도 천안시 서북구 성거읍 직산로 18-22, 1층",멜티드,커피숍,,
610,영업/정상,041-569-1239,충청남도 천안시 서북구 성성동 681 ,"충청남도 천안시 서북구 성성8로 2-15, 105호 (성성동)",디저트39,커피숍,,
611,영업/정상,041-902-5378,충청남도 천안시 서북구 불당동 1613 천안불당 호반써밋플레이스 ,"충청남도 천안시 서북구 불당21로 40, 501동 지하1층 B137호 (불당동, 천안불당 호반써밋플레이스)",북문당천안불당점,커피숍,,
612,영업/정상,0507-1480-3119,충청남도 천안시 서북구 불당동 1826 ,"충청남도 천안시 서북구 불당34길 3-17, 1층 (불당동)",빽다방불당호반점,커피숍,,
613,영업/정상,0507-1415-8232,충청남도 천안시 서북구 직산읍 양당리 5-75 ,"충청남도 천안시 서북구 직산읍 상덕로 185, 1층",카페가온,커피숍,,
614,영업/정상,없음,충청남도 천안시 서북구 직산읍 모시리 253-82 ,충청남도 천안시 서북구 불당2길 33-4,카페드꽃담,커피숍,,
615,영업/정상,없음,충청남도 천안시 동남구 안서동 300 상명대학교천안캠퍼스 디자인관 1층 ,"충청남도 천안시 동남구 상명대길 31, 상명대학교천안캠퍼스 주25디자인대학관동 1층 (안서동)",블루포트상명대천안캠퍼스디자인관점,커피숍,,
616,영업/정상,0507-1366-1390,충남 천안시 서북구 성정동 1292 1층,충남 천안시 서북구 쌍용대로 348 1층,에프엠그룹,커피숍,,
617,영업/정상,041-551-1021,충청남도 천안시 서북구 백석동 946 ,"충청남도 천안시 서북구 한들3로 78-3, 1동 1층 (백석동)",던킨천안백석점,커피숍,,
618,영업/정상,0507-1489-2094,충청남도 천안시 서북구 불당동 1485 ,"충청남도 천안시 서북구 번영로 201, 센트애비뉴 2층 210호 (불당동)",커피쿡신불당씨지브이점,커피숍,,
619,영업/정상,041-417-7667,충남 천안시 서북구 불당동 1846 불당호반써밋플레이스 센터시티 가동 120호,충남 천안시 서북구 불당25로 8 불당호반써밋플레이스 센터시티 가동 120호,오뉴월샐러드,커피숍,,
620,영업/정상,0507-1440-4055,충청남도 천안시 서북구 불당동 1749 ,"충청남도 천안시 서북구 불당29길 11-6, 1층 (불당동)",오도그,커피숍,,
621,영업/정상,0507-1377-2896,충청남도 천안시 서북구 두정동 940 준코 ,"충청남도 천안시 서북구 두정로 172, 1층 (두정동)",로아보샐러드천안두정동점,커피숍,,
622,영업/정상,0507-1351-0382,충청남도 천안시 서북구 두정동 716 ,"충청남도 천안시 서북구 오성8길 39, 1층 (두정동)",읍천리382천안두정점,커피숍,,
623,영업/정상,0507-1477-9504,충청남도 천안시 동남구 청당동 869 1층 ,"충청남도 천안시 동남구 청수10길 24, 1층 (청당동)",쥬랑쥬랑,커피숍,,
624,영업/정상,없음,충청남도 천안시 동남구 안서동 300 상명대학교천안캠퍼스 ,"충청남도 천안시 동남구 상명대길 31, 상명대학교천안캠퍼스 주29종합강의동본관(한누리관본관)동 1층 (안서동)",카페아이엔지상명대한누리관점,커피숍,,
625,영업/정상,0507-1479-0415,충청남도 천안시 서북구 불당동 1130 ,"충청남도 천안시 서북구 불당11로 38, 1층 (불당동)",봉스캠프,커피숍,,
626,영업/정상,0507-1354-3744,충남 천안시 서북구 성정동 680-1 1층 102호,충남 천안시 서북구 서부2길 18 1층 102호,샐포유,커피숍,,
627,영업/정상,0507-1438-0086,충청남도 천안시 서북구 두정동 1622 ,"충청남도 천안시 서북구 두정역길 5, 1층 (두정동)",아홉시제과,커피숍,,
628,영업/정상,0507-1304-1365,충청남도 천안시 서북구 백석동 946 ,"충청남도 천안시 서북구 한들3로 78-3, 1층 (백석동)",빽다방백석환서점,커피숍,,
629,영업/정상,041-555-4526,충남 천안시 서북구 차암동 435-1 힐링제이타워 1층 107호,"충청남도 천안시 서북구 3공단6로 50, 힐링J타워 1층 107호 (차암동)",공차천안차암점,커피숍,,
630,영업/정상,0507-1317-0249,충청남도 천안시 서북구 입장면 하장리 52-12 ,"충청남도 천안시 서북구 입장면 하장4길 26, 1층",베이크앤,커피숍,,
631,영업/정상,041 414 9642,충청남도 천안시 서북구 불당동 1537-1 ,"충청남도 천안시 서북구 불당21로 71, 정석프라자3차 1층 112호 (불당동)",컴포즈커피신불당중앙점,커피숍,,
632,영업/정상,041-564-1009,충청남도 천안시 동남구 청당동 300-5 202호,"충청남도 천안시 동남구 청당4로 61, 202호 (청당동)",큐리키즈카페천안점,키즈카페,,
633,영업/정상,0507-1475-2310,충청남도 천안시 서북구 백석동 14-16 ,"충청남도 천안시 서북구 한들3로 36-16, 1층 (백석동)",비브레이브천안,커피숍,,
634,영업/정상,0507-1364-1692,충남 천안시 서북구 쌍용동 1938,충남 천안시 서북구 쌍용12길 14-1,켈리커피,커피숍,,
635,영업/정상,0507-1329-2270,충청남도 천안시 동남구 신부동 461-13 ,"충청남도 천안시 동남구 만남로 30, 1,2,3층 (신부동)",에이바우트커피천안터미널점,커피숍,,
636,영업/정상,0507-1493-6304,충청남도 천안시 서북구 두정동 399-1 두정역범양레우스 알파 ,"충청남도 천안시 서북구 두정공원2길 26, 115동 지하1층 1504호 (두정동, 두정역범양레우스 알파)",커피팔오,커피숍,,
637,영업/정상,041-554-0055,충남 천안시 서북구 불당동 1619,충남 천안시 서북구 불당33길 22,Marie M,커피숍,,
638,영업/정상,없음,충청남도 천안시 동남구 광덕면 매당리 356 1동 1층 ,"충청남도 천안시 동남구 광덕면 광풍로 1023, 1동 1층",베이커리담,커피숍,,
639,영업/정상,041 553 5939,충청남도 천안시 서북구 백석동 877 빠리바게트 ,"충청남도 천안시 서북구 백석4길 44, 센터빌딩 1층 101.102호 (백석동)",메가엠지씨커피천안백석현대점,커피숍,,
640,영업/정상,0507-1344-4705,충청남도 천안시 서북구 쌍용동 1466 ,"충청남도 천안시 서북구 월봉로 104, 1층 (쌍용동)",카페이륜당,커피숍,,
641,영업/정상,010-8260-0707,충청남도 천안시 서북구 쌍용동 2058 ,"충청남도 천안시 서북구 월봉1길 35, 1층 (쌍용동)",블룸아뜰리에,커피숍,,
642,영업/정상,0507 1385 6058,충청남도 천안시 서북구 성성동 888 ,"충청남도 천안시 서북구 성성6로 1-18, 1층 (성성동)",예일타운,커피숍,,
643,영업/정상,없음,충청남도 천안시 서북구 성성동 510 삼성전자(주)천안캠퍼스 ,"충청남도 천안시 서북구 번영로 465, 삼성전자(주)천안캠퍼스 식당동 1층 (성성동)",클라인,커피숍,,
644,영업/정상,041 577 5259,충청남도 천안시 동남구 신방동 600 1층 ,"충청남도 천안시 동남구 통세골2길 41, 1층 (신방동)",카페온담,커피숍,,
645,영업/정상,없음,충청남도 천안시 서북구 성정동 657-8 ,"충청남도 천안시 서북구 서부3길 42, 1층 (성정동)",달쥬과일상점 천안17호점,커피숍,,
646,영업/정상,0507 1445 6026,충청남도 천안시 서북구 두정동 63-33 ,"충청남도 천안시 서북구 1공단1길 13, 5층 502호 (두정동)",프찌,커피숍,,
647,영업/정상,0507 1420 3519,충청남도 천안시 서북구 불당동 1790 ,"충청남도 천안시 서북구 불당30길 30, 1층 (불당동)",하우다,커피숍,,
648,영업/정상,0507 1403 1439,충청남도 천안시 서북구 성정동 1296 대길빌딩 ,"충청남도 천안시 서북구 성정공원5로 13, 1층 (성정동)",일루플라워카페,커피숍,,
649,영업/정상,없음,충청남도 천안시 동남구 청수동 274 1층 ,"충청남도 천안시 동남구 청수15길 5-9, 1층 (청수동)",카페이륜당청당청수점,커피숍,,
650,영업/정상,041 561 5222,충청남도 천안시 서북구 백석동 1059 ,"충청남도 천안시 서북구 한들1로 157, 106호 (백석동)",커피마마퀸,커피숍,,
651,영업/정상,0507 1482 5782,충청남도 천안시 서북구 성정동 677-13 ,"충청남도 천안시 서북구 쌍용대로 240, 1층 (성정동)",샐컵,커피숍,,
652,영업/정상, 041 5295135,충청남도 천안시 동남구 광덕면 원덕리 542 천안추모공원 봉안당 지1층 ,"충청남도 천안시 동남구 광덕면 밤나무골길 38, 천안추모공원 봉안당 지1층",천안추모공원매점,커피숍,,
653,영업/정상,070 8691 3222,충청남도 천안시 서북구 성성동 697 천안레이크타운2차 푸르지오 ,"충청남도 천안시 서북구 성성9로 14, 501동 104호 (성성동, 천안레이크타운2차 푸르지오)",더벤티천안성성점,커피숍,,
654,영업/정상,0507 1466 3472,충청남도 천안시 서북구 불당동 1673 ,"충청남도 천안시 서북구 불당31길 15, 1층 (불당동)",커피클래식,커피숍,,
655,영업/정상,없음,충청남도 천안시 서북구 쌍용동 1874 ,"충청남도 천안시 서북구 월봉1길 34, 1층 (쌍용동)",디소네,커피숍,,
656,영업/정상,0505 4133 3789,충청남도 천안시 서북구 불당동 1545 천안불당린스트라우스1단지 ,"충청남도 천안시 서북구 불당19로 95, 상가동 지하2층 111호 (불당동, 천안불당린스트라우스1단지)",마인드윙즈,커피숍,,
657,영업/정상,070 7585 9090,충청남도 천안시 서북구 불당동 1632 ,"충청남도 천안시 서북구 불당33길 48, 1층 102호 (불당동)",빠다미뇽,커피숍,,
658,영업/정상,없음,충청남도 천안시 동남구 청수동 311 1층 ,"충청남도 천안시 동남구 청수15길 20, 1층 (청수동)",유캔두잇청수점,커피숍,,
659,영업/정상,041 415 2373,충청남도 천안시 서북구 불당동 1540 골든프라자 ,"충청남도 천안시 서북구 불당25로 142, 골든프라자 111호 (불당동)",카페미뇽천안신불당점,커피숍,,
660,영업/정상,없음,충청남도 천안시 서북구 불당동 1299 갤러리아 센터시티 ,"충청남도 천안시 서북구 공원로 227, 갤러리아 센터시티 8층 (불당동)",탄탈라이즈르네데르커피,커피숍,,
661,영업/정상,0507 1340 2712,충청남도 천안시 서북구 차암동 435 천안비즈타워 ,"충청남도 천안시 서북구 3공단6로 58-8, 천안비즈타워 102호 (차암동)",빽다방천안차암점,커피숍,,
662,영업/정상,0507 1468 5331,충청남도 천안시 서북구 성정동 1243 외돌개 ,"충청남도 천안시 서북구 성정중4길 12, 1층 (성정동)",하랑,커피숍,,
663,영업/정상,0507 1364 0411,충청남도 천안시 서북구 성정동 1459 ,"충청남도 천안시 서북구 성정공원4길 16, 101호 (성정동)",르뮤게,커피숍,,
664,영업/정상,0507 1377 7076,충청남도 천안시 서북구 불당동 1762 ,"충청남도 천안시 서북구 불당30길 42, 1층 (불당동)",르벤,커피숍,,
665,영업/정상,010 4475 4857,충청남도 천안시 서북구 불당동 1838 ,"충청남도 천안시 서북구 불당34길 9, 불당에듀타운1 1층 (불당동)",3.14파이,커피숍,,
666,영업/정상,0507 1410 4747,충청남도 천안시 서북구 불당동 1347 ,"충청남도 천안시 서북구 불당16길 34-5, 1층 (불당동)",토모토모,커피숍,,
667,영업/정상,041 2515 4354,충청남도 천안시 서북구 와촌동 121-60 ,"충청남도 천안시 서북구 와촌4길 1, 제1동 3층 (와촌동)",아베크,커피숍,,
668,영업/정상,070 7537 2832,충청남도 천안시 서북구 불당동 1532 ,"충청남도 천안시 서북구 불당25로 178, 1층 102호 (불당동)",고망고,커피숍,,
669,영업/정상,0507 1311 2614,충청남도 천안시 서북구 불당동 1613 천안불당 호반써밋플레이스 ,"충청남도 천안시 서북구 불당21로 40, 1층 129호 (불당동, 천안불당 호반써밋플레이스)",붕어네커피,커피숍,,
670,영업/정상,없음,충청남도 천안시 서북구 성환읍 율금리 478 ,"충청남도 천안시 서북구 성환읍 율금1길 291, 1동 1층",프리즈커피,커피숍,,
671,영업/정상,041 621 8245,충청남도 천안시 서북구 불당동 1677 ,"충청남도 천안시 서북구 불당31길 14, 1층 (불당동)",원밀리언파운드,커피숍,,
672,영업/정상,0507 1365 6076,충청남도 천안시 서북구 불당동 1614 천안 불당 지웰시티푸르지오 2단지 ,"충청남도 천안시 서북구 불당26로 50, 근린생활시설7동 1층 G102호 (불당동, 천안 불당 지웰시티푸르지오 2단지)",하프코너,커피숍,,
673,영업/정상,0507 1390 3136,충청남도 천안시 서북구 백석동 792 ,"충청남도 천안시 서북구 백석3로 32-8, 1층 (백석동)",커피냠냠,커피숍,,
674,영업/정상,041 569 3999,충청남도 천안시 서북구 불당동 1616 지앤지홀딩스타워 ,"충청남도 천안시 서북구 불당33길 28, 지앤지홀딩스타워 1층 105호 (불당동)",디저트39 천안신불당점,커피숍,,
675,영업/정상,없음,충청남도 천안시 서북구 성환읍 매주리 21 남서울대학교 ,"충청남도 천안시 서북구 성환읍 대학로 91, 남서울대학교 7동 1층",그라찌에남서울대점,커피숍,,
676,영업/정상,010 2289 8455,충청남도 천안시 서북구 성정동 730-8 삼신하이츠빌라 ,"충청남도 천안시 서북구 성정12길 15, 101호 (성정동, 삼신하이츠빌라)",이제와플,커피숍,,
677,영업/정상,0507 1422 4234,충청남도 천안시 서북구 쌍용동 2069 ,"충청남도 천안시 서북구 충무로 5-45, 1층 (쌍용동)",바닐라앤빈,커피숍,,
678,영업/정상,0507 1421 3417,충청남도 천안시 서북구 쌍용동 818 ,"충청남도 천안시 서북구 봉서5길 16, 1층 (쌍용동)",카페프렌즈,커피숍,,
679,영업/정상,없음,충청남도 천안시 서북구 백석동 1178 천안백석2차아이파크 ,"충청남도 천안시 서북구 한들3로 35-23, 근린생활시설동 2층 217호 (백석동, 천안백석2차아이파크)",오롯이베이킹공방,커피숍,,
680,영업/정상,0507 1490 1504,충청남도 천안시 서북구 불당동 712 포인트프라자빌딩 ,"충청남도 천안시 서북구 검은들1길 7, 포인트프라자 1층 102호 (불당동)",메가엠지씨커피천안불당아이파크점,커피숍,,
681,영업/정상,0507 1491 6696,충청남도 천안시 서북구 불당동 1539 ,"충청남도 천안시 서북구 불당25로 138, 선우프라자 1층 113호 (불당동)",갓츠킹천안불당점,커피숍,,
682,영업/정상,없음,충청남도 천안시 서북구 차암동 12-4 GS25 ,"충청남도 천안시 서북구 2공단6길 26, 1동 1층 (차암동)",카페해늘,커피숍,,
683,영업/정상,0507 1362 0198,충청남도 천안시 서북구 불당동 1614 천안 불당 지웰시티푸르지오 2단지 ,"충청남도 천안시 서북구 불당26로 50, 1층 E117호 (불당동, 천안 불당 지웰시티푸르지오 2단지)",카페코지,커피숍,,
684,영업/정상,0507 1490 7476,충청남도 천안시 서북구 불당동 1751 ,"충청남도 천안시 서북구 불당29길 19, 1층 (불당동)",잇덴굿,커피숍,,
685,영업/정상,041 566 8590,충청남도 천안시 서북구 불당동 1827 탑플라자 ,"충청남도 천안시 서북구 불당34길 3-15, 탑플라자 1층 104호 (불당동)",카페천국,커피숍,,
686,영업/정상,0507 1460 1307,충청남도 천안시 서북구 두정동 1464 아크로텔천안두정 ,"충청남도 천안시 서북구 성정두정로 70, 135호 (두정동, 아크로텔천안두정)",카페528,커피숍,,
687,영업/정상,0507 1472 3177,충청남도 천안시 서북구 두정동 579-2 경희빌딩 ,"충청남도 천안시 서북구 오성1길 12-13, 1층 (두정동)",자매양과,커피숍,,
688,영업/정상,0507 1360 5629,충청남도 천안시 서북구 불당동 1344 ,"충청남도 천안시 서북구 불당16길 34-8, 1층 (불당동)",마리상점,커피숍,,
689,영업/정상,041 622 4411,충청남도 천안시 서북구 불당동 1817 불당엠타워 ,"충청남도 천안시 서북구 불당34길 26, 불당엠타워 5층 504,505호 (불당동)",랭스터디카페천안신불당점,커피숍,,
690,영업/정상,없음,충청남도 천안시 서북구 백석동 591 한들문화센터 ,"충청남도 천안시 서북구 음봉로 861-50, 한들문화센터 1층 (백석동)",아이갓에브리띵,커피숍,,
691,영업/정상,0507 1433 8895,충청남도 천안시 서북구 백석동 1025 ,"충청남도 천안시 서북구 한들2로 88-21, 1층 (백석동)",달리는커피천안백석점,커피숍,,
692,영업/정상,0507 1303 8980,충청남도 천안시 동남구 청당동 472 청수2단지주공버들마을아파트 ,"충청남도 천안시 동남구 청수14로 29, 102호 (청당동, 청수2단지주공버들마을아파트)",레포소커피,커피숍,,
693,영업/정상,070 4121 1005,충청남도 천안시 서북구 두정동 63-6 두정역 효성해링턴 플레이스 ,"충청남도 천안시 서북구 봉정로 324, B동 1층 B104호 (두정동, 두정역 효성해링턴 플레이스)",멜번커피하우스,커피숍,,
694,영업/정상,041 557 4000,충청남도 천안시 서북구 성거읍 요방리 121 망향휴게소 ,"충청남도 천안시 서북구 성거읍 돌다리길 23-37, 망향(부산방향)휴게소 A동 1층",(주)제이에스물산더플래닛,커피숍,,
695,영업/정상,없음,충청남도 천안시 동남구 청당동 754 ,충청남도 천안시 동남구 청수12로 5-25 (청당동),카페라이더,커피숍,,
696,영업/정상,0507 1403 3434,충청남도 천안시 동남구 신부동 386-41 ,"충청남도 천안시 동남구 먹거리3길 27, 1층 (신부동)",헬로브로,커피숍,,
697,영업/정상,0507 1373 2820,충청남도 천안시 서북구 쌍용동 1778 ,"충청남도 천안시 서북구 월봉3길 27, 2층 (쌍용동)",마르셀의여름,커피숍,,
698,영업/정상,041 417 5021,충청남도 천안시 서북구 불당동 1282-1 ,"충청남도 천안시 서북구 공원로 109, 천안아산복합문화정보센터주건축물제1동 지하1층 (불당동)",포레스트,커피숍,,
699,영업/정상,041 907 4868,충청남도 천안시 서북구 불당동 1545 천안불당린스트라우스1단지 ,"충청남도 천안시 서북구 불당19로 95, 상가동 지하2층 121호 (불당동, 천안불당린스트라우스1단지)",씨유펫,커피숍,,
700,영업/정상,041 523 0350,충청남도 천안시 동남구 문화동 101-2 미디어센터 ,"충청남도 천안시 동남구 중앙로 111, 1층 (문화동)",휴온커피,커피숍,,
701,영업/정상,010 5852 8128,충청남도 천안시 서북구 성환읍 성환리 449-1017 ,"충청남도 천안시 서북구 성환읍 성환1로 237, 1층",오쩜이엔,커피숍,,
702,영업/정상,0507 1388 5077,충청남도 천안시 서북구 백석동 1029 ,"충청남도 천안시 서북구 한들2로 88-33, 1층 (백석동)",까페하나,커피숍,,
703,영업/정상,010 5686 4220,충청남도 천안시 서북구 불당동 1494 천안불당파크푸르지오 2단지 ,"충청남도 천안시 서북구 불당26로 122, 지하1층 5-104호 (불당동, 천안불당파크푸르지오 2단지)",135클렌즈주스,커피숍,,
704,영업/정상,041 566 2929,충청남도 천안시 서북구 차암동 436 ,"충청남도 천안시 서북구 3공단6로 58-5, 1층 102호 (차암동)",우주라이크커피차암점,커피숍,,
705,영업/정상,041 558 8003,충청남도 천안시 서북구 두정동 1886번지 한성필하우스 ,"충청남도 천안시 서북구 두정고8길 24, 201동 1층 105호 (두정동, 한성필하우스)",유니플라워카페,커피숍,,
706,영업/정상,0507 1406 0036,충청남도 천안시 서북구 쌍용동 1320 라인 ,"충청남도 천안시 서북구 쌍용4길 17, 1층 (쌍용동)",카페유월,커피숍,,
707,영업/정상,041 568 5005,충청남도 천안시 서북구 두정동 68-36 ,"충청남도 천안시 서북구 1공단4길 29, 102호 (두정동)",달리는커피두정해링턴점,커피숍,,
708,영업/정상,0507 1392 9102,충청남도 천안시 서북구 불당동 1712 ,"충청남도 천안시 서북구 불당32길 15, 1층 (불당동)",포벤커피,커피숍,,
709,영업/정상,0507 1495 9502,충청남도 천안시 서북구 성성동 39-8 ,"충청남도 천안시 서북구 성성4길 43, 지하1층 B101,B102호 (성성동)",카바나,커피숍,,
710,영업/정상,041 564 4900,충청남도 천안시 서북구 성성동 95 VT스퀘어 ,"충청남도 천안시 서북구 성성5로 95, A동 B101,B102,B128,101~106,201~204호 (성성동)",탐앤탐스업성호수점,커피숍,,
711,영업/정상,041 567 0127,충청남도 천안시 서북구 불당동 1531 ,"충청남도 천안시 서북구 불당25로 182, 1층 104호 (불당동)",더리터천안불당점,커피숍,,
712,영업/정상,없음,충청남도 천안시 서북구 불당동 1613 천안불당 호반써밋플레이스 ,"충청남도 천안시 서북구 불당21로 40, 501동 102호 (불당동, 천안불당 호반써밋플레이스)",문화시민,커피숍,,
713,영업/정상,010-4222-8021,충청남도 천안시 서북구 쌍용동 1559 ,"충청남도 천안시 서북구 월봉4로 84-11, 1층 (쌍용동)",단카페,커피숍,,
714,영업/정상,없음,충청남도 천안시 서북구 불당동 1672 ,"충청남도 천안시 서북구 불당31길 17, 1층 (불당동)",오브유,커피숍,,
715,영업/정상,없음,충청남도 천안시 서북구 두정동 1289 ,"충청남도 천안시 서북구 두정로 204, 1층 (두정동)",까비앙루이,커피숍,,
716,영업/정상,010-4977-3015,충청남도 천안시 동남구 목천읍 신계리 166-49 애니카랜드 ,충청남도 천안시 동남구 목천읍 충절로 923,어서오세요,커피숍,,
717,영업/정상,041-579-5249,충청남도 천안시 동남구 용곡동 212-10 ,"충청남도 천안시 동남구 일봉로 107-7, 1층 (용곡동)",카페루나,커피숍,,
718,영업/정상,041 552 0350,충청남도 천안시 동남구 병천면 병천리 331 해양경찰연구센터 ,충청남도 천안시 동남구 병천면 충절로 1687,연수원마켓,커피숍,,
719,영업/정상,0507-1375-3511,충청남도 천안시 동남구 신부동 701 ,충청남도 천안시 동남구 터미널4길 24 (신부동),온다카페,커피숍,,
720,영업/정상,041-571-2253,충청남도 천안시 서북구 쌍용동 832 ,"충청남도 천안시 서북구 봉명로 25, 1층 (쌍용동)",공차천안봉명점,커피숍,,
721,영업/정상,0507-1306-0725,충청남도 천안시 서북구 성정동 994 성정빌딩 ,"충청남도 천안시 서북구 백석로 210, 1층 (성정동)",예예데이,커피숍,,
722,영업/정상,041-557-8383,충청남도 천안시 동남구 다가동 5-3 ,"충청남도 천안시 동남구 천안천공원5길 38-11, 2동 1층 (다가동)",카페내,커피숍,,
723,영업/정상,041-555-7950,충청남도 천안시 서북구 성정동 1242 ,"충청남도 천안시 서북구 성정중4길 14, 1층 (성정동)",카페천국,커피숍,,
724,영업/정상,0507-1371-7696,"충청남도 천안시 서북구 쌍용동 2013 부강정형외과병원,제일약국 ","충청남도 천안시 서북구 쌍용1길 21, 1층 (쌍용동)",이디야커피천안용암사거리점,커피숍,,
725,영업/정상,010-9410-6013,충청남도 천안시 서북구 백석동 1059 ,"충청남도 천안시 서북구 한들1로 157, 1층 139호 (백석동)",반달커피천안에비뉴점,커피숍,,
726,영업/정상,0507-1343-6502,충청남도 천안시 서북구 백석동 1124 ,"충청남도 천안시 서북구 한들1로 87, 1층 (백석동)",잇덴굿백석,커피숍,,
727,영업/정상,070-4257-9103,충청남도 천안시 동남구 안서동 268 호서대학교천안캠퍼스 ,"충청남도 천안시 동남구 호서대길 12, 호서대학교천안캠퍼스 종합정보관 10동 1층 (안서동)",블루포트호서대학교점,커피숍,,
728,영업/정상,041 561 8020,충청남도 천안시 서북구 두정동 68-16 센트하임프라자 ,"충청남도 천안시 서북구 1공단1길 52, 센트하임프라자 1층 143.144.145.146호 (두정동)",이디야두정역점,커피숍,,
729,영업/정상,041-417-3085,충청남도 천안시 서북구 불당동 805 ,"충청남도 천안시 서북구 불당13길 2, 1층 (불당동)",컴포즈커피천안불당대원점,커피숍,,
730,영업/정상,0507-1370-2530,충청남도 천안시 서북구 두정동 690 ,"충청남도 천안시 서북구 두정로 118, 1층 (두정동)",카페라이더,커피숍,,
731,영업/정상,0507-1369-3596,충청남도 천안시 서북구 성성동 35 ,"충청남도 천안시 서북구 업성수변로 44, 1층 (성성동)",코지그라운드,커피숍,,
732,영업/정상,0507-1314-5259,충청남도 천안시 서북구 성성동 663 ,"충청남도 천안시 서북구 성성8로 14-7, 1층 (성성동)",오요커피,커피숍,,
733,영업/정상,041-565-8200,충청남도 천안시 동남구 광덕면 광덕리 73-1 ,"충청남도 천안시 동남구 광덕면 만복골1길 59, 2동 1층",일등라이브카페,커피숍,,
734,영업/정상,없음,충청남도 천안시 동남구 북면 오곡리 377-9 ,충청남도 천안시 동남구 북면 위례성로 707-3,오곡리377,커피숍,,
735,영업/정상,041-622-8255,충청남도 천안시 동남구 청당동 485 ,"충청남도 천안시 동남구 청수14로 68, 1층 102호 (청당동)",날쌘카페청당점,커피숍,,
736,영업/정상,041 577 6424,충청남도 천안시 서북구 쌍용동 1801 길상트럼프 ,"충청남도 천안시 서북구 월봉11길 21, 1층 (쌍용동)",이디야천안월봉4로점,커피숍,,
737,영업/정상,041-571-2200,충청남도 천안시 서북구 쌍용동 644 대박숯불갈비 ,"충청남도 천안시 서북구 쌍용18길 78, 1층 (쌍용동)",커피마마쌍용점,커피숍,,
738,영업/정상,041-564-4665,충청남도 천안시 동남구 병천면 병천리 156-5 ,"충청남도 천안시 동남구 병천면 병천2로 3-1, 2층",카페샘,커피숍,,
739,영업/정상,041 558 1121,충청남도 천안시 서북구 불당동 1531 ,"충청남도 천안시 서북구 불당25로 182, 4층 403호 (불당동)",엘빈즈앤아메리칸트레이,커피숍,,
740,영업/정상,070 88604002,충청남도 천안시 동남구 봉명동 355 ,"충청남도 천안시 동남구 개목6길 17, 1층 (봉명동)",카페인중독성정점,커피숍,,
741,영업/정상,0507-1384-6477,충청남도 천안시 서북구 두정동 71-4 휴먼빌딩 ,"충청남도 천안시 서북구 두정로 258, 휴먼빌딩 (두정동)",공차천안두정역점,커피숍,,
742,영업/정상,0507-1459-6466,충청남도 천안시 서북구 불당동 1706 ,"충청남도 천안시 서북구 불당32길 6, 1층 (불당동)",카페라이더불당점,커피숍,,
743,영업/정상,041 556 8245,충청남도 천안시 서북구 불당동 1545 천안불당린스트라우스1단지 ,"충청남도 천안시 서북구 불당19로 95, 상가동 지하2층 117호 (불당동, 천안불당린스트라우스1단지)",보리원호두과자찰보리빵,커피숍,,
744,영업/정상,041 566 0718,충청남도 천안시 동남구 신부동 462-5 1동 102호,"충청남도 천안시 동남구 만남로 48, 1동 1층 102호 (신부동)",(주)커피빈코리아천안신부동점,커피숍,,
745,영업/정상,041 417 1001,충청남도 천안시 서북구 쌍용동 1367 롯데마트 ,"충청남도 천안시 서북구 월봉로 95, 월봉청솔1단지아파트 상가동 지2층 (쌍용동)",맘스베이커리카페,커피숍,,
746,영업/정상,041-588-5314,충청남도 천안시 서북구 성환읍 성환리 449-99 ,"충청남도 천안시 서북구 성환읍 성환3로 3-7, 1층 101,102호",이디야천안성환점,커피숍,,
747,영업/정상,없음,충청남도 천안시 서북구 불당동 1494 불당파크푸르지오2단지 ,"충청남도 천안시 서북구 불당26로 122, 1동 107호 (불당동, 불당파크푸르지오2단지)",에그라운드,커피숍,,
748,영업/정상,010-9788-0226,충청남도 천안시 서북구 성정동 730-4 두손미술학원 ,"충청남도 천안시 서북구 성정12길 13, 1층 (성정동)",아이캔커피,커피숍,,
749,영업/정상,0507-1393-7620,충청남도 천안시 서북구 불당동 1498 지웰푸르지오 ,"충청남도 천안시 서북구 불당24로 38, 상가동 지하2층 28호 (불당동, 지웰푸르지오)",컨비니언스신불당점,커피숍,,
750,영업/정상,0507-1462-9308,충청남도 천안시 서북구 직산읍 판정리 102-2 ,"충청남도 천안시 서북구 직산읍 성진로 430, 1층",판정리카페,커피숍,,
751,영업/정상,041-900-2525,충청남도 천안시 서북구 성정동 1518 ,"충청남도 천안시 서북구 성정공원5로 10-16, 1층 (성정동)",커피쿡천안본점,커피숍,,
752,영업/정상,없음,충청남도 천안시 서북구 성정동 1124 극동프라자 ,"충청남도 천안시 서북구 성정중7길 3, 극동프라자 1층 102호 (성정동)",컴포즈커피성정점,커피숍,,
753,영업/정상,0507-1448-3530,충청남도 천안시 서북구 불당동 1658 ,"충청남도 천안시 서북구 불당31길 3-3, 1층 (불당동)",리무소컬렉티브,커피숍,,
754,영업/정상,070 46474895,충청남도 천안시 서북구 직산읍 부송리 41-2 ,"충청남도 천안시 서북구 직산읍 송기길 28-6, 1층",피터패터,커피숍,,
755,영업/정상,010-7564-3797,충청남도 천안시 서북구 성정동 620-17 ,"충청남도 천안시 서북구 서부17길 17, 1층 (성정동)",인생커피,커피숍,,
756,영업/정상,041-565-3724,충청남도 천안시 서북구 불당동 1540 골든프라자 ,"충청남도 천안시 서북구 불당25로 142, 골든프라자 1층 113호 (불당동)",크라상점천안신불당점,커피숍,,
757,영업/정상,없음,충청남도 천안시 서북구 두정동 660 두정라이프종합상가 ,"충청남도 천안시 서북구 늘푸른5길 26, 라이프종합상가 1층 110호 (두정동)",스위로브,커피숍,,
758,영업/정상,없음,충청남도 천안시 서북구 두정동 643-3 진명빌딩 ,"충청남도 천안시 서북구 늘푸른1길 16, 1층 (두정동)",샐러드가든앤카페,커피숍,,
759,영업/정상,010-2715-1172,충청남도 천안시 서북구 불당동 1614 천안 불당 지웰시티푸르지오 2단지 ,"충청남도 천안시 서북구 불당26로 50, 근린생활시설4동 1층 E107호 (불당동, 천안 불당 지웰시티푸르지오 2단지)",더마지끄,커피숍,,
760,영업/정상,0507-1365-0760,충청남도 천안시 동남구 오룡동 149-1 ,"충청남도 천안시 동남구 영성로 86, 1층 (오룡동)",카페데이오프,커피숍,,
761,영업/정상,041 562 5300,충청남도 천안시 동남구 구성동 137-5 ,"충청남도 천안시 동남구 해솔1길 27-29, 1.2층 (구성동)",핀스커피,커피숍,,
762,영업/정상,0507-1376-9090,충청남도 천안시 동남구 용곡동 546-2 ,"충청남도 천안시 동남구 용곡2길 107, 1.2층 (용곡동)",그래비티,커피숍,,
763,영업/정상,0507-1375-1045,충청남도 천안시 동남구 풍세면 남관리 637-1 ,"충청남도 천안시 동남구 풍세면 풍세로 458, 2층",제이로그,커피숍,,
764,영업/정상,041 522 7177,충청남도 천안시 서북구 백석동 9-21 ,"충청남도 천안시 서북구 동서대로 9, 1층 (백석동)",라운지커피,커피숍,,
765,영업/정상,041-574-0010,충청남도 천안시 서북구 쌍용동 415-1 ,"충청남도 천안시 서북구 쌍용19로 21, 유림빌딩 1층 (쌍용동)",훈이네마늘빵,커피숍,,
766,영업/정상,010-2041-6711,백석동 941 백석마을아이파크아파트,충남 천안시 서북구 한들3로 100,103커피이야기,커피숍,,
767,영업/정상,041-906-5550,충남 천안시 서북구 백석동 1206 s동 227호 228호,충남 천안시 서북구 백석공단1로 10 s동 227호 228호,알콩달콩,커피숍,,
768,영업/정상,없음,충남 천안시 서북구 쌍용동 1140,충남 천안시 서북구 미라6길 21,카페일리터천안점,커피숍,,
769,영업/정상,0507-1309-3164,충청남도 천안시 서북구 불당동 1665 ,"충청남도 천안시 서북구 불당31길 10, 1층 (불당동)",온띠에라,커피숍,,
770,영업/정상,0507-1443-8026,충청남도 천안시 서북구 직산읍 삼은리 76-173 새천안부동산 ,"충청남도 천안시 서북구 직산읍 삼은2길 2, 1층",삼은리76 173,커피숍,,
771,영업/정상,041 562 1236,충청남도 천안시 동남구 목천읍 서리 161 ,"충청남도 천안시 동남구 목천읍 서리1길 89, 1층",어나더카페,커피숍,,
772,영업/정상,0507-1391-1604,충남 천안시 서북구 성정동 1438 학산리젠다빌 3차 1층 105호 학산리젠다빌 3차 1층 106호,"충청남도 천안시 서북구 성정공원3길 4, 학산리젠다빌 3차 1층 106호 (성정동)",이디야커피,커피숍,,
773,영업/정상,0507-1351-0353,충청남도 천안시 동남구 봉명동 513 상가동 6호,"충청남도 천안시 동남구 봉명4길 29, 상가동 지하1층 6호 (봉명동, 봉서산아이파크)",보나커피,커피숍,,
774,영업/정상,041-567-5535,성정동 1304,충남 천안시 서북구 성정공원5로 31,쥬씨천안성정점,커피숍,,
775,영업/정상,없음,충청남도 천안시 서북구 성정동 1497 ,"충청남도 천안시 서북구 성정공원1길 14-3, 1층 (성정동)",이륜당,커피숍,,
776,영업/정상,041 555 2258,충청남도 천안시 서북구 불당동 733 크리스탈프라자 ,"충청남도 천안시 서북구 불당17길 23, 크리스탈프라자 1층 103호 (불당동)",퀴즈노스천안불당점,커피숍,,
777,영업/정상,0507-1349-0475,충남 천안시 서북구 불당동 1535 1층 101호,"충청남도 천안시 서북구 불당22대로 86, 마블러스에스타워 1층 101호 (불당동)",폴레에스프레소,커피숍,,
778,영업/정상,0507-1352-1581,충청남도 천안시 서북구 백석동 1059 ,"충청남도 천안시 서북구 한들1로 157, 138호 (백석동)",밀크아트,커피숍,,
779,영업/정상,0507-1371-1454,충남 천안시 서북구 쌍용동 1367 1층,"충청남도 천안시 서북구 월봉로 95, 지하1층 (쌍용동)",이디야천안맘마마트점,커피숍,,
780,영업/정상,02  467 9301,충청남도 천안시 서북구 백석동 1047 e마트 ,"충청남도 천안시 서북구 삼성대로 20, 이마트천안서북점 지하1층 (백석동)",떡탐이마트천안서북점,떡카페,,
781,영업/정상,041-574-7774,충청남도 천안시 동남구 신방동 1908번지 1층 ,"충청남도 천안시 동남구 통정10로 43-8, 1층 (신방동)",커피홀,커피숍,,
782,영업/정상,0507-1435-1021,충청남도 천안시 동남구 영성동 135-2 2동 1층 2호 ,"충청남도 천안시 동남구 원성천1길 35, 2동 1층 2호 (영성동)",커방,커피숍,,
783,영업/정상, 041 5692222,충청남도 천안시 서북구 불당동 741번지 우방아이유쉘트윈팰리스아파트 121호,"충청남도 천안시 서북구 불당4로 106, 1층 121호 (불당동, 우방아이유쉘트윈팰리스아파트)",디자인컴퍼니,커피숍,,
784,영업/정상,041-573-1986,충남 천안시 서북구 쌍용2동 1482 그레이스,"충청남도 천안시 서북구 나사렛대길 29, 1층 (쌍용동)",유달리쌍용점,커피숍,,
785,영업/정상,041 556 2007,충청남도 천안시 서북구 백석동 1155 1층 ,"충청남도 천안시 서북구 한들3로 35-28, 1층 (백석동)",하루를담다,커피숍,,
786,영업/정상,없음,충청남도 천안시 동남구 목천읍 응원리 241-32 ,"충청남도 천안시 동남구 목천읍 삼성5길 62, 2층 201호 (제일아이조움프라자)",샘카페,커피숍,,
787,영업/정상,0507-1323-5671,충청남도 천안시 동남구 원성동 454-1번지 ,"충청남도 천안시 동남구 성황로 112, 1층 (원성동)",커피수수,커피숍,,
788,영업/정상,041-555-8716,충청남도 천안시 서북구 백석동 985번지 ,"충청남도 천안시 서북구 한들3로 55, 1층 (백석동)",명량핫도그 천안백화점,커피숍,,
789,영업/정상, 041 5848182,충청남도 천안시 서북구 직산읍 삼은리 325번지 ,"충청남도 천안시 서북구 직산읍 봉주로 51, 1층",언틸,커피숍,,
790,영업/정상,041-560-0730,충남 천안시 동남구 목천읍 남화리 230-1,"충청남도 천안시 동남구 목천읍 독립기념관로 1, 독립기념관 119동 1층",백련못카페,커피숍,,
791,영업/정상,041 562 9266,충청남도 천안시 동남구 원성동 129-2번지 2층 ,"충청남도 천안시 동남구 충절로 138, 2층 (원성동)",생산자도매유통길트레이드,커피숍,,
792,영업/정상,041-565-7199,"충남 천안시 서북구 불당동 1817 불당엠타워 1층 101호, 102호","충청남도 천안시 서북구 불당34길 26, 1층 101,102호 (불당동, 불당엠타워)",탐앤탐스불당점,커피숍,,
793,영업/정상,041 523 3423,"충청남도 천안시 동남구 안서동 231-3 외 1필지, 1층, 2층, 3층 ","충청남도 천안시 동남구 안서3길 3, 1층, 2층, 3층 (안서동)",스타벅스천안안서점,커피숍,,
794,영업/정상,041-555-6622,충청남도 천안시 동남구 대흥동 10-4번지 3층 ,"충청남도 천안시 동남구 문화로 14, 3층 (대흥동)",동궁로스팅커피,커피숍,,
795,영업/정상,0507-1320-4410,충청남도 천안시 동남구 신부동 545번지 대림한들아파트 상가동 1층 102호 ,"충청남도 천안시 동남구 터미널9길 59, 상가동 1층 102호 (신부동, 대림한들아파트)",베리베리,커피숍,,
796,영업/정상,041 552 3535,충청남도 천안시 서북구 성성동 45-26번지 ,"충청남도 천안시 서북구 업성수변로 79, 1~2층 (성성동)",투썸플레이스업성레이크점,커피숍,,
797,영업/정상, 041 9074445,충청남도 천안시 서북구 쌍용동 1501번지 ,"충청남도 천안시 서북구 나사렛대길 22-3, 1층 (쌍용동)",이웃집레옹,커피숍,,
798,영업/정상, 041 5662129,"충청남도 천안시 동남구 풍세면 용정리 52-8번지 1,2층 ","충청남도 천안시 동남구 풍세면 용두2길 39-1, 1,2층",알롱지,커피숍,,
799,영업/정상,041-579-6214,충청남도 천안시 동남구 신방동 1903번지 1층 ,"충청남도 천안시 동남구 통정10로 59, 1층 (신방동)",에스프레소임광선,커피숍,,
800,영업/정상, 041 5626761,충청남도 천안시 동남구 원성동 559-20 외 1필지 2층 ,"충청남도 천안시 동남구 충절로 196, 2층 (원성동)",더다움,커피숍,,
801,영업/정상,041 569 3051,충청남도 천안시 서북구 차암동 459 차암동 1~2층 ,"충청남도 천안시 서북구 밤개울1길 1-1, 1,2층 (차암동)",투썸플레이스천안차암점,커피숍,,
802,영업/정상,0507-1327-0227,충청남도 천안시 서북구 부대동 418-18번지 ,"충청남도 천안시 서북구 과수원길 11-1, 1층 (부대동)",통이네다방,커피숍,,
803,영업/정상,0507-1327-6836,충청남도 천안시 서북구 불당동 1744 ,"충청남도 천안시 서북구 불당29길 11-5, 1층 (불당동)",오씨티,커피숍,,
804,영업/정상,070-8866-0670,충청남도 천안시 서북구 성환읍 수향리 270-7번지 ,"충청남도 천안시 서북구 성환읍 잠실길 9, 주건축물제1동 1층",카페온,커피숍,,
805,영업/정상,041-572-2021,충청남도 천안시 동남구 봉명동 191번지 ,"충청남도 천안시 동남구 서부대로 523-9, 1,2층 (봉명동)",오픈업커피,커피숍,,
806,영업/정상,041 556 7317,충청남도 천안시 서북구 불당동 1819번지 ,"충청남도 천안시 서북구 불당34길 22, 세훈프라자 5층 502호 (불당동)",봉봉키즈천안아산점,키즈카페,,
807,영업/정상,041-575-7941,"충청남도 천안시 동남구 신방동 1385번지 외 1필지, 2층 ","충청남도 천안시 동남구 통정8로 17, 2층 (신방동)",쁘띠마쥬,키즈카페,,
808,영업/정상,041-555-9278,충청남도 천안시 동남구 신부동 289-16번지 DK프라자 1층 101호 ,"충청남도 천안시 동남구 북일로 71, DK프라자 1층 101호 (신부동)",요거프레소,커피숍,,
809,영업/정상,없음,충청남도 천안시 서북구 쌍용동 707번지 ,"충청남도 천안시 서북구 쌍용14길 31, 1층 (쌍용동)",707커피,커피숍,,
810,영업/정상,041 555 3575,충청남도 천안시 서북구 백석동 40-5번지 ,충청남도 천안시 서북구 노태산로 57 (백석동),베니스,커피숍,,
811,영업/정상,041-554-2231,충청남도 천안시 서북구 백석동 54-31번지 ,"충청남도 천안시 서북구 노태산로 73, 1층 103호 (백석동, 엘리시온빌딩)",요거프레소,커피숍,,
812,영업/정상,0507-1372-9777,충청남도 천안시 서북구 두정동 991번지 1층 ,"충청남도 천안시 서북구 부성6길 8, 1층 (두정동)",이디야천안두정점,커피숍,,
813,영업/정상, 041 5559692,충청남도 천안시 서북구 불당동 1467번지 ,"충청남도 천안시 서북구 불당24로 43, 3층 301호 (불당동, 현성프라자)",쁘띠몽드,키즈카페,,
814,영업/정상, 041 5611441,충청남도 천안시 서북구 불당동 1542번지 ,"충청남도 천안시 서북구 불당25로 152, 7층 702호 (불당동, DM타워)",포일스까페,커피숍,,
815,영업/정상,041 575 0039,충청남도 천안시 서북구 쌍용동 1470번지 1층 ,"충청남도 천안시 서북구 월봉로 98, 1층 (쌍용동)",카페리솔트,커피숍,,
816,영업/정상,041-553-6768,충청남도 천안시 동남구 신부동 461-6번지 3층 ,"충청남도 천안시 동남구 만남로 38, 3층 (신부동)",놀숲신부점,커피숍,,
817,영업/정상,0507-1411-9333,충청남도 천안시 동남구 신부동 462-7번지 1층 ,"충청남도 천안시 동남구 만남로 52, 1층 (신부동)",곰브라더스신부동천안본점,커피숍,,
818,영업/정상, 041 5225948,충청남도 천안시 서북구 두정동 68-1번지 외6필지 센트하임프라자 1동 328호 ,"충청남도 천안시 서북구 1공단1길 52 (두정동,외6필지 센트하임프라자 1동 328호)",스위트번스,커피숍,,
819,영업/정상,070 42005005,충청남도 천안시 서북구 직산읍 삼은리 75-6번지 (1층) ,충청남도 천안시 서북구 직산읍 삼은4길 18-18 ((1층)),라움앤커피,커피숍,,
820,영업/정상,041-415-2236,충청남도 천안시 서북구 쌍용동 494-18번지 ,"충청남도 천안시 서북구 충무로 167, 지1층 (쌍용동)",토닥토닥카페,커피숍,,
821,영업/정상,041-640-5353,"충청남도 천안시 동남구 신부동 363-2 신세계백화점충청점, 본관1동 ","충청남도 천안시 동남구 만남로 43, 신세계백화점충청점 본관1동 6층 (신부동)",하프커피천안점,커피숍,,
822,영업/정상,041 583 3424,충청남도 천안시 서북구 성성동 508번지 ,"충청남도 천안시 서북구 번영로 467, 삼성SDI 23-복지동 1층 (성성동)",주식회사메가마트삼성에스디아이한마음카페,커피숍,,
823,영업/정상,041 574 0333,충청남도 천안시 동남구 봉명동 368번지 ,"충청남도 천안시 동남구 쌍용대로 187, 1층 (봉명동)",빵굽는커피집,커피숍,,
824,영업/정상,02  34623773,충청남도 천안시 서북구 성정동 1151번지 ,"충청남도 천안시 서북구 오성로 72, 1~2층 (성정동)",디에떼에스프레소,커피숍,,
825,영업/정상,041-577-7388,충남 천안시 서북구 쌍용동 1955 109호 달달하이,"충청남도 천안시 서북구 월봉로 126, 대림프라자 1동 1층 109호 (쌍용동)","카페,달달하이",커피숍,,
826,영업/정상,070-8667-6752,충남 천안시 동남구 광덕면 매당리 360-3 기억저장소,"충청남도 천안시 동남구 광덕면 광풍로 1011, 1층",기억저장소,커피숍,,
827,영업/정상,0507-1354-5271,충청남도 천안시 서북구 불당동 861 영재바둑교실 ,"충청남도 천안시 서북구 불당4로 39-35, 1층 (불당동)",디저트하우스,커피숍,,
828,영업/정상,0507-1387-3915,충청남도 천안시 동남구 신부동 859 ,"충청남도 천안시 동남구 중앙로 281-14, 우방아파트상가 1층 104호 (신부동)",카페봄별,커피숍,,
829,영업/정상,041-557-6283,충남 천안시 서북구 두정동 1606,충남 천안시 서북구 두정역서2길 28,탑브릭스두정점,커피숍,,
830,영업/정상,없음,충남 천안시 서북구 직산읍 모시리 278,"충청남도 천안시 서북구 직산읍 4산단5길 77, 1층",해피홀,커피숍,,
831,영업/정상,0507-1349-2190,충청남도 천안시 서북구 쌍용동 2025 ,"충청남도 천안시 서북구 쌍용7길 24, 1층 (쌍용동)",예그리나,커피숍,,
832,영업/정상,0507-1319-9067,충청남도 천안시 동남구 목천읍 신계리 149번지 1층 ,"충청남도 천안시 동남구 목천읍 목천안터1길 44, 1층",윤커피,커피숍,,
833,영업/정상,010-3919-7761,충청남도 천안시 서북구 쌍용동 1469번지 2층 ,"충청남도 천안시 서북구 쌍용18길 1, 2층 (쌍용동)",다뺀다방,커피숍,,
834,영업/정상,041 522 2434,"충청남도 천안시 동남구 신부동 452-10번지 1층, 2층 ","충청남도 천안시 동남구 먹거리8길 5, 1층, 2층 (신부동)",블렌데렌,커피숍,,
835,영업/정상,041-552-1006,충남 천안시 서북구 불당동 1532 에이블타워 309호,"충청남도 천안시 서북구 불당25로 178, 3층 309호 (불당동)",솔향기가득차,전통찻집,,
836,영업/정상,070-4312-0320,충청남도 천안시 서북구 두정동 649번지 인트로타운 1층 108호,"충청남도 천안시 서북구 늘푸른3길 41, 인트로타운 1층 108호 (두정동)",하임,커피숍,,
837,영업/정상,없음,충청남도 천안시 동남구 병천면 가전리 68-35번지 1층 ,"충청남도 천안시 동남구 병천면 충절로 1636, 1층",커피614,커피숍,,
838,영업/정상,0507-1414-9900,충청남도 천안시 서북구 두정동 902번지 ,"충청남도 천안시 서북구 두정로 156, 2층 (두정동)",그래비티,커피숍,,
839,영업/정상,041 415 2338,충청남도 천안시 서북구 두정동 1338번지 1층 ,"충청남도 천안시 서북구 두정상가3길 17, 1층 (두정동)",카페루키,커피숍,,
840,영업/정상,041 566 1238,"충청남도 천안시 서북구 백석동 108번지 301일부,302일부 ","충청남도 천안시 서북구 한들3로 30, 1동 3층 301,302호 (백석동)",노리파크천안백석점,키즈카페,,
841,영업/정상,041-541-4758,충청남도 천안시 동남구 광덕면 보산원리 681-4번지 ,"충청남도 천안시 동남구 광덕면 보산원2길 30-4, 1층",광덕양조장,커피숍,,
842,영업/정상,없음,충청남도 천안시 서북구 불당동 1783 ,"충청남도 천안시 서북구 불당30길 13, 1층 (불당동)",그래비티신불당,커피숍,,
843,영업/정상,041-900-0791,충청남도 천안시 서북구 불당동 1543 W타워 ,"충청남도 천안시 서북구 불당25로 154, W타워 116호 (불당동)",모리셔스브라운천안불당점,커피숍,,
844,영업/정상,없음,충청남도 천안시 서북구 성정동 739-13 ,"충청남도 천안시 서북구 양지17길 20, 1층 (성정동)",평온한정원찻집,커피숍,,
845,영업/정상,없음,충청남도 천안시 서북구 성정동 640-5 ,"충청남도 천안시 서북구 봉정로 239, 1층 (성정동)",아이지에이마트성정점,커피숍,,
846,영업/정상,041-522-6677,충청남도 천안시 서북구 불당동 1489 ,"충청남도 천안시 서북구 불당25로 208, 102호 (불당동)",빽다방천안시청점,커피숍,,
847,영업/정상,0507-1472-8791,충청남도 천안시 서북구 불당동 1489 ,"충청남도 천안시 서북구 불당25로 208, 중원타워-1 1층 105일부호 (불당동)",히츠캔커피,커피숍,,
848,영업/정상,0507-1470-8820,충남 천안시 서북구 쌍용동 1491 3층,충남 천안시 서북구 월봉로 90 3층,머머카페,커피숍,,
849,영업/정상,0507-1362-8153,충남 천안시 서북구 불당동 1487 골든프라자2 114호 에그까페,충남 천안시 서북구 불당25로 192 골든프라자2 114호 에그까페,에그까페,커피숍,,
850,영업/정상,0507-1459-2249,충청남도 천안시 동남구 구룡동 532-6 1동 ,"충청남도 천안시 동남구 중리1길 55, 1동 1층 (구룡동)",카페2020,커피숍,,
851,영업/정상,041-554-4080,충청남도 천안시 서북구 부성1길 4,충청남도 천안시 서북구 두정동 972,아임일리터두정점,커피숍,,
852,영업/정상,010-2349-0123,충청남도 천안시 서북구 불당동 1364 ,"충청남도 천안시 서북구 불당16길 35, 1층 (불당동)",카페모스트,커피숍,,
853,영업/정상,0507-1342-5774,충청남도 천안시 서북구 불당동 1684 ,"충청남도 천안시 서북구 불당32길 36, 1층 (불당동)",밸런스 커피 로스터(balance coffee roaster),커피숍,,
854,영업/정상,041-553-0517,충청남도 천안시 서북구 성성동 511-6 한국촌식당 ,"충청남도 천안시 서북구 3공단5로 64, 1층 (성성동)",공단,커피숍,,
855,영업/정상,0507-1337-5278,충청남도 천안시 서북구 불당동 1821 ,"충청남도 천안시 서북구 불당34길 25-5, 1층 (불당동)",한움,커피숍,,
856,영업/정상,041-417-0325,충청남도 천안시 서북구 불당25로 236,충청남도 천안시 서북구 불당동 1479-2,세라젬웰카페천안불당,커피숍,,
857,영업/정상,041-733-5914,충청남도 천안시 서북구 성정동 707-8 참소망교회 ,"충청남도 천안시 서북구 성정14길 10, 1층 (성정동)",림스베이커리,커피숍,,
